iter	MAPE
0	0.610440041
1	0.6050300229
2	0.5998262328
3	0.5947978789
4	0.5899806629
5	0.5852920219
6	0.5809107468
7	0.5767107485
8	0.57236026
9	0.5684073856
10	0.5644793051
11	0.5605967445
12	0.5571060746
13	0.5537807314
14	0.5504907305
15	0.5470117757
16	0.5438411639
17	0.5408987293
18	0.5378730082
19	0.5350786865
20	0.5322827504
21	0.5294024109
22	0.5266658378
23	0.524181724
24	0.5213931761
25	0.5175461369
26	0.5137432539
27	0.5100776286
28	0.5062830065
29	0.503249184
30	0.4998284335
31	0.4964403854
32	0.4932542008
33	0.4900892286
34	0.4870825976
35	0.4842299238
36	0.4816324961
37	0.4788280798
38	0.476186694
39	0.4735956018
40	0.4711791633
41	0.4687647138
42	0.4663632161
43	0.4643621289
44	0.4621414607
45	0.4600156881
46	0.4580403864
47	0.4561033704
48	0.4542820505
49	0.4524926121
50	0.449939979
51	0.4481713203
52	0.4463795285
53	0.4438870393
54	0.4415495665
55	0.4392369506
56	0.4369804399
57	0.4355866263
58	0.4333572565
59	0.4313587856
60	0.4300675007
61	0.4280150671
62	0.4260264845
63	0.424288939
64	0.4224364423
65	0.4206342713
66	0.4189239442
67	0.4172103242
68	0.4155750106
69	0.4139630142
70	0.4124187248
71	0.4108975808
72	0.4094233037
73	0.4081284245
74	0.4067858505
75	0.4054693139
76	0.4048828374
77	0.4036390016
78	0.4024009418
79	0.4011580782
80	0.4000376461
81	0.398945239
82	0.3978645773
83	0.3972946719
84	0.3967492727
85	0.3959207009
86	0.3954029509
87	0.3946388353
88	0.3939540279
89	0.3932359611
90	0.3925609385
91	0.3915747198
92	0.3905001166
93	0.3896188564
94	0.3886051962
95	0.3877842248
96	0.3873732461
97	0.3864362051
98	0.3857135882
99	0.3853060788
100	0.3847628837
101	0.3838937666
102	0.3830066311
103	0.3822256367
104	0.3815668067
105	0.3808443924
106	0.3804984272
107	0.3797694977
108	0.3794628494
109	0.3790071039
110	0.3783410473
111	0.377715482
112	0.377347025
113	0.3766701472
114	0.3763333053
115	0.3757498242
116	0.3751631102
117	0.3748656704
118	0.3742285362
119	0.3736917544
120	0.3733858809
121	0.373094661
122	0.3722036031
123	0.3713825393
124	0.3687130561
125	0.3678819478
126	0.365164398
127	0.3641062648
128	0.3608997555
129	0.3597735589
130	0.3564336489
131	0.3532398208
132	0.352180273
133	0.3510882099
134	0.3469039026
135	0.3442167821
136	0.3440047252
137	0.343784413
138	0.3435722693
139	0.3406071566
140	0.3398521293
141	0.3396652368
142	0.3368288031
143	0.3342065068
144	0.3333824143
145	0.3332188953
146	0.3307343563
147	0.3305520344
148	0.329590071
149	0.3270076292
150	0.3263130925
151	0.3252399761
152	0.3251028402
153	0.3244832633
154	0.3208814306
155	0.3207197697
156	0.3169143685
157	0.316777196
158	0.3166796597
159	0.3165783011
160	0.3164473468
161	0.3159360602
162	0.3152945219
163	0.3147534856
164	0.3142131313
165	0.3137358779
166	0.3136151815
167	0.3131744735
168	0.3110093607
169	0.310541883
170	0.3101189319
171	0.3100049323
172	0.3098012984
173	0.3077195127
174	0.3075773598
175	0.3056525079
176	0.3053013137
177	0.3052105963
178	0.3039424393
179	0.3035914196
180	0.3018314083
181	0.3017478417
182	0.3016510058
183	0.3013183175
184	0.3010143185
185	0.3008638757
186	0.3005008401
187	0.294072992
188	0.2939696351
189	0.2938515258
190	0.2937859831
191	0.2937307567
192	0.293654012
193	0.2905560178
194	0.2904306991
195	0.2901840918
196	0.2901404496
197	0.290026285
198	0.2899349929
199	0.28983882
200	0.2895570497
201	0.2894729907
202	0.2891832533
203	0.2890794739
204	0.2888496158
205	0.2887812907
206	0.288724925
207	0.2886701037
208	0.2886052931
209	0.2880536068
210	0.2878688234
211	0.2877689016
212	0.2876844022
213	0.2875808998
214	0.2873839118
215	0.2871513443
216	0.2870454901
217	0.2870112152
218	0.2869395857
219	0.2858222556
220	0.2857044371
221	0.2856303244
222	0.2854528241
223	0.2853946192
224	0.2853324049
225	0.2849625307
226	0.2846981165
227	0.2846537865
228	0.2844651388
229	0.2843829357
230	0.2818503354
231	0.2817660108
232	0.2816147711
233	0.2815505542
234	0.2814881893
235	0.2814232374
236	0.2812708125
237	0.2812060719
238	0.281156528
239	0.2810823851
240	0.2808751234
241	0.280654889
242	0.2805274445
243	0.2804734856
244	0.2804139283
245	0.2802772596
246	0.2802177289
247	0.2801440179
248	0.2800834563
249	0.279991505
250	0.2799186109
251	0.2798668751
252	0.2798166621
253	0.2797778303
254	0.2794182845
255	0.2792587336
256	0.2792067984
257	0.2790987687
258	0.2790569427
259	0.2790000306
260	0.2788859808
261	0.2788156767
262	0.2787605391
263	0.2783550319
264	0.2775464535
265	0.2775182328
266	0.277253451
267	0.277204072
268	0.2771794831
269	0.2771560629
270	0.2771089993
271	0.2764630772
272	0.2764044215
273	0.2763456813
274	0.2762846952
275	0.2762305406
276	0.276168201
277	0.276133071
278	0.2759928522
279	0.2758962635
280	0.2758639575
281	0.2755983802
282	0.2686687872
283	0.2686135954
284	0.268568343
285	0.2618810847
286	0.2617436342
287	0.2616162274
288	0.2615317246
289	0.2614035939
290	0.2549695604
291	0.254861414
292	0.2548070697
293	0.2547374316
294	0.2546484729
295	0.2484737947
296	0.2483802689
297	0.2482818365
298	0.248245822
299	0.2481913337
300	0.2481312795
301	0.2481065576
302	0.2480601549
303	0.2469768398
304	0.2468862365
305	0.2467675279
306	0.2467282966
307	0.2466566291
308	0.2466122584
309	0.2465670311
310	0.2464715714
311	0.2464005252
312	0.2463670129
313	0.2463495547
314	0.2463204542
315	0.2404243414
316	0.239373597
317	0.2392713904
318	0.239245706
319	0.2391717635
320	0.23914799
321	0.2391063943
322	0.2390747649
323	0.2389815206
324	0.2338761949
325	0.2338335765
326	0.2286646306
327	0.2244610152
328	0.224380597
329	0.2243211434
330	0.2192480598
331	0.2153625848
332	0.2112923388
333	0.2073759987
334	0.2073245086
335	0.2037183165
336	0.2036848534
337	0.2036619821
338	0.2036101291
339	0.2002001972
340	0.1965806904
341	0.1965195887
342	0.1934624619
343	0.1933918967
344	0.1933308447
345	0.1932506632
346	0.1899591668
347	0.1863841505
348	0.1839180061
349	0.1813251217
350	0.1812851153
351	0.1789079659
352	0.1762202728
353	0.1760751569
354	0.17390817
355	0.171850469
356	0.1718200133
357	0.169818096
358	0.167909127
359	0.1678866386
360	0.1656070879
361	0.1638622969
362	0.1638101486
363	0.1617145084
364	0.1604080914
365	0.1584394429
366	0.1565493287
367	0.1542120928
368	0.1528153082
369	0.1518518607
370	0.1505593082
371	0.149452288
372	0.1482875713
373	0.1481703355
374	0.1470109353
375	0.145533208
376	0.1444521116
377	0.143470491
378	0.142178845
379	0.1409367492
380	0.1408973416
381	0.13997085
382	0.1390570833
383	0.1376617747
384	0.1368137848
385	0.1352382804
386	0.1342626741
387	0.1335862354
388	0.1335663132
389	0.13281359
390	0.1327627041
391	0.1320177588
392	0.1313254155
393	0.1304906425
394	0.1296535361
395	0.128886407
396	0.1282533941
397	0.1276567626
398	0.1269168184
399	0.1268546003
400	0.1262700188
401	0.1257167601
402	0.1252008943
403	0.1251597494
404	0.1251293255
405	0.1241627656
406	0.1236572097
407	0.1231616482
408	0.1225832373
409	0.1220969108
410	0.1211693912
411	0.120646288
412	0.1200935051
413	0.1200486234
414	0.1200356853
415	0.119543747
416	0.1195061278
417	0.1190228272
418	0.1189767339
419	0.1185466685
420	0.1181384363
421	0.117737574
422	0.1173728549
423	0.1168969479
424	0.1165063297
425	0.1164651317
426	0.1164534842
427	0.1164277084
428	0.1160338799
429	0.1156590791
430	0.1156066288
431	0.1151960171
432	0.1148490227
433	0.1144644438
434	0.1144534939
435	0.1141117499
436	0.1140440177
437	0.1134280129
438	0.1130993686
439	0.1127580325
440	0.1127245493
441	0.1123857576
442	0.1123608468
443	0.1120092498
444	0.1116996709
445	0.1113684439
446	0.1113521223
447	0.1110503354
448	0.1107477819
449	0.1104517027
450	0.1101614659
451	0.1098779037
452	0.1098600626
453	0.1098023359
454	0.109772729
455	0.109749951
456	0.109444161
457	0.1094152799
458	0.1091508037
459	0.1088902544
460	0.1086260461
461	0.1083444044
462	0.1079399653
463	0.1076878679
464	0.1074362009
465	0.1073903545
466	0.1071518384
467	0.1069130207
468	0.1068991909
469	0.1066597249
470	0.1064302313
471	0.1062063015
472	0.1059804323
473	0.1059674107
474	0.1057216271
475	0.1055018193
476	0.105267754
477	0.1050140692
478	0.1049731054
479	0.104762826
480	0.1045459141
481	0.1045057583
482	0.1043019972
483	0.1042817902
484	0.1040679178
485	0.1037981812
486	0.1035735819
487	0.103177766
488	0.102901756
489	0.102867559
490	0.1026115198
491	0.1022549876
492	0.1019810794
493	0.1019425665
494	0.1017425658
495	0.1015325666
496	0.1014729345
497	0.101163623
498	0.1009037931
499	0.1007309693
500	0.1007170489
501	0.1004176751
502	0.1001482008
503	0.0999598322
504	0.09966527262
505	0.0993744499
506	0.0990868477
507	0.09881704829
508	0.0987972256
509	0.09876265211
510	0.09847273374
511	0.09830155334
512	0.09828637076
513	0.09800354749
514	0.0977861623
515	0.09752158432
516	0.09727302324
517	0.09701805073
518	0.09678476248
519	0.09641846898
520	0.09619023682
521	0.09614902467
522	0.09599951841
523	0.09576233574
524	0.09554893495
525	0.09531873786
526	0.09528756611
527	0.09527071127
528	0.09505725947
529	0.09485062998
530	0.09468504072
531	0.09466731129
532	0.09445167913
533	0.094262424
534	0.09411836584
535	0.09391084227
536	0.0936778367
537	0.09349526278
538	0.09330225399
539	0.09326667293
540	0.0932539725
541	0.09322547224
542	0.09307166264
543	0.09288441483
544	0.09274723221
545	0.09273324578
546	0.09255749644
547	0.09238222897
548	0.09235415569
549	0.09204315996
550	0.09186981199
551	0.09170002495
552	0.09165123079
553	0.09148858491
554	0.09147553709
555	0.09130767156
556	0.09119101032
557	0.09102069187
558	0.09090066974
559	0.09076808469
560	0.09060933378
561	0.09044791844
562	0.09030233031
563	0.09015805296
564	0.09000756961
565	0.08999198574
566	0.08997731268
567	0.08983737047
568	0.0897129668
569	0.08968596966
570	0.08944186615
571	0.08927634733
572	0.08926491282
573	0.08912267682
574	0.08898319442
575	0.08879001288
576	0.0886532292
577	0.08864254178
578	0.08863427357
579	0.08861978532
580	0.08847599126
581	0.08828611696
582	0.08816268776
583	0.08799166111
584	0.0877975337
585	0.08766389769
586	0.08764838682
587	0.08729143256
588	0.08717380588
589	0.08716774525
590	0.08705087379
591	0.08694261796
592	0.0869292436
593	0.08681439656
594	0.08660491372
595	0.08641479749
596	0.08640019062
597	0.08629282449
598	0.08626769969
599	0.08607918788
600	0.08597298022
601	0.08586805825
602	0.08567840313
603	0.08549875183
604	0.08532439848
605	0.08528094407
606	0.08527305028
607	0.08509155889
608	0.08498688604
609	0.08479487452
610	0.08454867518
611	0.08438646547
612	0.08423074003
613	0.08412931461
614	0.08398476107
615	0.08382831754
616	0.08368134697
617	0.08350754011
618	0.08341294863
619	0.08327116582
620	0.08311809988
621	0.08302651913
622	0.08288153181
623	0.08279106531
624	0.08278328621
625	0.082651368
626	0.08249906232
627	0.08236548853
628	0.08229912476
629	0.08220180914
630	0.082195952
631	0.08206856856
632	0.08198160251
633	0.081792029
634	0.08172842363
635	0.08159357779
636	0.08150116157
637	0.08141387071
638	0.08123479042
639	0.08117432992
640	0.08106108849
641	0.08094119322
642	0.08088365751
643	0.08073942492
644	0.080629011
645	0.08060648187
646	0.08059505647
647	0.0805888571
648	0.08049875194
649	0.0804928904
650	0.08048739013
651	0.08040638437
652	0.08039969454
653	0.08031968053
654	0.08030902711
655	0.08022689134
656	0.08013260547
657	0.08012150538
658	0.08002631104
659	0.07994472634
660	0.07982860711
661	0.07971782264
662	0.0796093281
663	0.07956351957
664	0.07955722664
665	0.07946350702
666	0.07936177987
667	0.07925730892
668	0.07916685108
669	0.07914180532
670	0.07912143972
671	0.07910352989
672	0.07901034359
673	0.07891240346
674	0.07881541995
675	0.07871989327
676	0.07865282169
677	0.07856461349
678	0.07854119572
679	0.07844463259
680	0.07834440684
681	0.07826163946
682	0.07816814874
683	0.07807944262
684	0.07799050207
685	0.07789620868
686	0.07780496843
687	0.07771780204
688	0.07769506442
689	0.0776164892
690	0.07752844197
691	0.07740907588
692	0.07730483997
693	0.07722453037
694	0.07712444209
695	0.07710251311
696	0.0770098999
697	0.0769111254
698	0.07683761121
699	0.07681679983
700	0.07669848927
701	0.07661957283
702	0.07651979942
703	0.07640431009
704	0.07639767041
705	0.07627956571
706	0.07616227957
707	0.0760506269
708	0.075975685
709	0.07590361753
710	0.07589464171
711	0.07577906455
712	0.07570762062
713	0.07570296035
714	0.0756280735
715	0.07556200344
716	0.07549382628
717	0.07537187466
718	0.07526814127
719	0.07524760729
720	0.07514330857
721	0.07503379208
722	0.07492878992
723	0.07491547274
724	0.07481173242
725	0.07479953961
726	0.0747921816
727	0.07472694859
728	0.07462318008
729	0.07457575479
730	0.07447617065
731	0.07441020736
732	0.0743395015
733	0.07424433383
734	0.07418075376
735	0.07417454608
736	0.07411047601
737	0.07404670723
738	0.07396159098
739	0.07390073181
740	0.07381283634
741	0.07372414677
742	0.07362508459
743	0.07353245038
744	0.07352655339
745	0.07346714279
746	0.07346181079
747	0.07339641498
748	0.07339141049
749	0.07333447177
750	0.07324823799
751	0.07324386241
752	0.07323988013
753	0.07323589543
754	0.07315003777
755	0.07306262597
756	0.07305185643
757	0.07299426643
758	0.07291048184
759	0.07290338627
760	0.07284649396
761	0.07278739902
762	0.07276799049
763	0.07268522818
764	0.072603785
765	0.07258492783
766	0.07250643058
767	0.07245169967
768	0.07244899026
769	0.07238990114
770	0.07231156235
771	0.07222942299
772	0.07220581186
773	0.07212763239
774	0.07200820998
775	0.07199035348
776	0.07188973428
777	0.07183915644
778	0.07182897151
779	0.07177660355
780	0.07176893086
781	0.0716927224
782	0.07164045047
783	0.07163609095
784	0.0715809102
785	0.07150558547
786	0.07142398936
787	0.07133670697
788	0.07125125596
789	0.07117111952
790	0.07106358801
791	0.07099582017
792	0.07099245505
793	0.07094125023
794	0.07089240693
795	0.07088275343
796	0.07087931737
797	0.07075359936
798	0.07058777514
799	0.07051192582
800	0.07036657654
801	0.0702943655
802	0.0702909807
803	0.0702876976
804	0.07027957009
805	0.07021017377
806	0.07014253752
807	0.07013043056
808	0.07012566262
809	0.07011783081
810	0.07003939077
811	0.06997398619
812	0.06996977688
813	0.06982657073
814	0.06982217657
815	0.06975257193
816	0.06968134812
817	0.06954181938
818	0.06947717038
819	0.0694118843
820	0.06940712773
821	0.06933663668
822	0.06927462302
823	0.06927118484
824	0.06926768034
825	0.06926647816
826	0.06926100503
827	0.06919821252
828	0.06906121259
829	0.06897653621
830	0.06891443823
831	0.06887198608
832	0.06880802576
833	0.06880491332
834	0.0688016371
835	0.06876040644
836	0.06875550616
837	0.06875259311
838	0.06869378444
839	0.0686906851
840	0.06868401561
841	0.06867775375
842	0.0686316638
843	0.06862535923
844	0.06862256709
845	0.06856342468
846	0.06850504092
847	0.06846039859
848	0.06840846197
849	0.06831567232
850	0.0682272023
851	0.06822105183
852	0.06816468474
853	0.06814578066
854	0.06810887729
855	0.06797734625
856	0.06791814723
857	0.06786650753
858	0.06786387693
859	0.06780918469
860	0.06780618091
861	0.06776009569
862	0.0677547058
863	0.06774561994
864	0.06774185696
865	0.06773557113
866	0.06773213312
867	0.06767180536
868	0.06761670683
869	0.06761222381
870	0.06753806526
871	0.06748736628
872	0.0674348486
873	0.06738443332
874	0.06732101483
875	0.06726932807
876	0.06726605205
877	0.06726035986
878	0.06721577653
879	0.06716681388
880	0.06716465597
881	0.06709991792
882	0.06705332962
883	0.06699798039
884	0.06693509729
885	0.06687335739
886	0.06686952802
887	0.06686667161
888	0.06686359042
889	0.06686043518
890	0.06684970652
891	0.06680573391
892	0.06680179446
893	0.06679942083
894	0.06667342001
895	0.06666125074
896	0.06659905411
897	0.06659624249
898	0.06655251335
899	0.06649013084
900	0.06648746399
901	0.06644297808
902	0.0662802607
903	0.0662211266
904	0.06621835209
905	0.06621538237
906	0.06621101431
907	0.06620104912
908	0.06615864444
909	0.06608867185
910	0.06603055893
911	0.06595030198
912	0.06589802406
913	0.06574159695
914	0.06573751143
915	0.06572023868
916	0.06571394596
917	0.06570713648
918	0.06566528086
919	0.06560983853
920	0.06560706391
921	0.06556933722
922	0.06552858028
923	0.06552710002
924	0.06548743521
925	0.06541575705
926	0.06535965588
927	0.06530719849
928	0.06529839979
929	0.0652919055
930	0.06528967264
931	0.06528770829
932	0.06521927415
933	0.06521621647
934	0.0652131632
935	0.06515018751
936	0.06509712231
937	0.0650958375
938	0.06497839879
939	0.06492254832
940	0.06491967879
941	0.06488396922
942	0.06482832647
943	0.06472874163
944	0.06471980468
945	0.06468443626
946	0.06461023659
947	0.0646045187
948	0.06453281574
949	0.06439805936
950	0.0643973915
951	0.06439163261
952	0.06438732057
953	0.06435418267
954	0.06431892604
955	0.06431602108
956	0.06430075658
957	0.0642662324
958	0.06421536986
959	0.06421222105
960	0.06420387295
961	0.06415318916
962	0.06414817962
963	0.06414442176
964	0.06414030055
965	0.06400462565
966	0.06400170648
967	0.06394970024
968	0.06389961488
969	0.06382762666
970	0.06375867635
971	0.06371270202
972	0.06370710562
973	0.06367417223
974	0.0635814909
975	0.06357960413
976	0.06357093581
977	0.06356353013
978	0.0635533789
979	0.06354932403
980	0.06354201764
981	0.06349395222
982	0.06336445111
983	0.06335926731
984	0.06335683416
985	0.06335152945
986	0.06333774657
987	0.06329364909
988	0.06318454349
989	0.06318173457
990	0.06317594103
991	0.06317193352
992	0.06316891482
993	0.06316508602
994	0.06316337975
995	0.06315856305
996	0.06315390677
997	0.06314566769
998	0.06308706649
999	0.06304327563
1000	0.06292186514
1001	0.06291658681
1002	0.06291365315
1003	0.06290018614
1004	0.06288985821
1005	0.06288165465
1006	0.06283636147
1007	0.06283181256
1008	0.06282961832
1009	0.06282753987
1010	0.06281995344
1011	0.06281456377
1012	0.06281152638
1013	0.06280062294
1014	0.0626780341
1015	0.06267058144
1016	0.06266844056
1017	0.0626303287
1018	0.06262658188
1019	0.06258519392
1020	0.06255159465
1021	0.06254888708
1022	0.06254545889
1023	0.06254276665
1024	0.06253097205
1025	0.06247658483
1026	0.06246073014
1027	0.06242604632
1028	0.06242057462
1029	0.06237547155
1030	0.06237282712
1031	0.06233156047
1032	0.06232912187
1033	0.06230713026
1034	0.06230303732
1035	0.0622992193
1036	0.06229738967
1037	0.06228993883
1038	0.06228645373
1039	0.06224125512
1040	0.06223856606
1041	0.06221935763
1042	0.06213383544
1043	0.06212995125
1044	0.06208519842
1045	0.0620640776
1046	0.06204165145
1047	0.06203912422
1048	0.06195111348
1049	0.06194864141
1050	0.0619463416
1051	0.06186965021
1052	0.06186458276
1053	0.06186176256
1054	0.06185690633
1055	0.06185410532
1056	0.0618516231
1057	0.06184348488
1058	0.06184088875
1059	0.06183523777
1060	0.06183306803
1061	0.06183079724
1062	0.06182834686
1063	0.06182402698
1064	0.06181742327
1065	0.06181541039
1066	0.0618135235
1067	0.06180948688
1068	0.06180779698
1069	0.06180601909
1070	0.06179973383
1071	0.0617971862
1072	0.06179231549
1073	0.06179053693
1074	0.0617881696
1075	0.06178138171
1076	0.06177501513
1077	0.06174782228
1078	0.06174164563
1079	0.06173738486
1080	0.06169066346
1081	0.06168732893
1082	0.06168381874
1083	0.06168176276
1084	0.06167909774
1085	0.06163602505
1086	0.06162825186
1087	0.06162420881
1088	0.06161972102
1089	0.06158003253
1090	0.06155326273
1091	0.06155018453
1092	0.0615465636
1093	0.06153677383
1094	0.06150575533
1095	0.06150385301
1096	0.06150211343
1097	0.06149922424
1098	0.06149789324
1099	0.06149436225
1100	0.06144871267
1101	0.06144557949
1102	0.06144302498
1103	0.06144170612
1104	0.06143934254
1105	0.06143570382
1106	0.06143270326
1107	0.06138866182
1108	0.06138758654
1109	0.06138035047
1110	0.06135096466
1111	0.06131011666
1112	0.06126215762
1113	0.06122303456
1114	0.06121766087
1115	0.06119207073
1116	0.06118991554
1117	0.06118831454
1118	0.06118664649
1119	0.061147326
1120	0.06113158307
1121	0.06112993919
1122	0.06109222015
1123	0.06108293811
1124	0.06107547942
1125	0.06104703221
1126	0.06104404878
1127	0.06104313079
1128	0.06100395295
1129	0.06100156742
1130	0.06099926258
1131	0.06099534463
1132	0.06088459814
1133	0.06088188992
1134	0.06087772954
1135	0.06087136065
1136	0.06086258286
1137	0.0607529027
1138	0.06072737582
1139	0.06072453282
1140	0.06072261984
1141	0.06068596081
1142	0.06068439912
1143	0.06068314236
1144	0.06064940689
1145	0.06062192465
1146	0.06058376391
1147	0.06058190369
1148	0.06055270191
1149	0.06055011164
1150	0.06054737477
1151	0.0605208302
1152	0.06048407649
1153	0.06048053872
1154	0.06040462338
1155	0.06038061144
1156	0.06035754489
1157	0.06032253002
1158	0.06028997137
1159	0.06026487141
1160	0.06022991412
1161	0.06022575423
1162	0.06021627259
1163	0.06019422746
1164	0.06018540919
1165	0.06018149322
1166	0.06015076492
1167	0.06014187917
1168	0.06012380555
1169	0.0601160946
1170	0.06011459307
1171	0.06011243641
1172	0.06011049134
1173	0.06010794717
1174	0.06010597172
1175	0.06010306016
1176	0.06005457414
1177	0.06005237321
1178	0.06005081428
1179	0.06004394776
1180	0.06004249398
1181	0.06001061589
1182	0.06000261477
1183	0.06000046538
1184	0.05999300739
1185	0.05998998172
1186	0.05998881593
1187	0.05996859456
1188	0.0598643981
1189	0.05984928125
1190	0.05983040323
1191	0.05980646756
1192	0.05970648307
1193	0.05970465984
1194	0.05970309919
1195	0.05970132601
1196	0.05969859245
1197	0.059696241
1198	0.05968069082
1199	0.05967949044
1200	0.05967775865
1201	0.05967607033
1202	0.05967462916
1203	0.059672056
1204	0.05966601729
1205	0.05965911246
1206	0.05965699178
1207	0.05965532909
1208	0.05965373951
1209	0.05964929295
1210	0.0596464954
1211	0.05962918367
1212	0.05962734864
1213	0.05961134551
1214	0.05960975201
1215	0.05960827969
1216	0.05958632201
1217	0.05958517316
1218	0.05958421435
1219	0.05957760031
1220	0.05957288708
1221	0.05956657096
1222	0.05956132101
1223	0.059555567
1224	0.05952095997
1225	0.0594987449
1226	0.05946788109
1227	0.05943798058
1228	0.05942611643
1229	0.0594150899
1230	0.05941281418
1231	0.059408055
1232	0.05940171539
1233	0.05939998523
1234	0.05936763371
1235	0.05933615598
1236	0.05932198941
1237	0.05931873772
1238	0.0593143154
1239	0.05931190856
1240	0.05929151501
1241	0.05928847094
1242	0.05928661583
1243	0.05928111822
1244	0.05927588499
1245	0.05927302448
1246	0.0592696858
1247	0.05926317598
1248	0.05926193383
1249	0.05925770809
1250	0.05925446036
1251	0.05924999022
1252	0.05924542037
1253	0.05924184048
1254	0.05923892581
1255	0.05923498729
1256	0.05923083028
1257	0.05922634314
1258	0.0592225596
1259	0.0592187515
1260	0.05921584165
1261	0.05921179108
1262	0.05920786047
1263	0.05920375506
1264	0.05920218213
1265	0.05919905305
1266	0.05919536609
1267	0.05919168713
1268	0.05918821816
1269	0.059184479
1270	0.05918187147
1271	0.05917321377
1272	0.05916977588
1273	0.05916590864
1274	0.05916305611
1275	0.05916082282
1276	0.05915553148
1277	0.05915343938
1278	0.05915142482
1279	0.0591450336
1280	0.05906329067
1281	0.0590609278
1282	0.05905856113
1283	0.0590563422
1284	0.05905441634
1285	0.0590519717
1286	0.05904993991
1287	0.05904752635
1288	0.05904423075
1289	0.05904199161
1290	0.0590335715
1291	0.05903137957
1292	0.05902913427
1293	0.05902701283
1294	0.05901864996
1295	0.05901687734
1296	0.05901495347
1297	0.05901317849
1298	0.05901040227
1299	0.05900893791
1300	0.05900750844
1301	0.05899907535
1302	0.05899745978
1303	0.05899627789
1304	0.05899472334
1305	0.05899323645
1306	0.05899015644
1307	0.05895971921
1308	0.05895833388
1309	0.05895738613
1310	0.05895163557
1311	0.05894601296
1312	0.05891200326
1313	0.05889802329
1314	0.05889698498
1315	0.05889610696
1316	0.05886280525
1317	0.05885941911
1318	0.05885670163
1319	0.05885220284
1320	0.05885028825
1321	0.05884902443
1322	0.05884789418
1323	0.05884106427
1324	0.05883778832
1325	0.05883487861
1326	0.05882707917
1327	0.05882592577
1328	0.05882486569
1329	0.05882337489
1330	0.05880495276
1331	0.05879893681
1332	0.05879793502
1333	0.0587907436
1334	0.05878980842
1335	0.05878695411
1336	0.05878051093
1337	0.05877275314
1338	0.05873694199
1339	0.05873607473
1340	0.05871019521
1341	0.05870932154
1342	0.05870644333
1343	0.05870167585
1344	0.05870026655
1345	0.05869947224
1346	0.05869672981
1347	0.05868851918
1348	0.05868333004
1349	0.05865647905
1350	0.0586539364
1351	0.05865098329
1352	0.05861241844
1353	0.05861137615
1354	0.05861014704
1355	0.05858620742
1356	0.05858560122
1357	0.0585493439
1358	0.05854762152
1359	0.05854400512
1360	0.05854163134
1361	0.05854063289
1362	0.05853932036
1363	0.05853745357
1364	0.05853659217
1365	0.0585083899
1366	0.05846895083
1367	0.05843465748
1368	0.05843242776
1369	0.0584147412
1370	0.0583814587
1371	0.05838036571
1372	0.05835104732
1373	0.0583504043
1374	0.05831294325
1375	0.05828118593
1376	0.05827384493
1377	0.05827187545
1378	0.05826927005
1379	0.05826702291
1380	0.05826455727
1381	0.05823812415
1382	0.05820776864
1383	0.05818923447
1384	0.05815946103
1385	0.05814225903
1386	0.05814124563
1387	0.05813918009
1388	0.05813576854
1389	0.05810403067
1390	0.05807183892
1391	0.05805729084
1392	0.05803490173
1393	0.05800243252
1394	0.05799236565
1395	0.05796933204
1396	0.05794175193
1397	0.05793330753
1398	0.05792089001
1399	0.05788732343
1400	0.05788654877
1401	0.05785833821
1402	0.0578328667
1403	0.05783162002
1404	0.05783090182
1405	0.05782926047
1406	0.05782862645
1407	0.05780678768
1408	0.05778600113
1409	0.05776572605
1410	0.05774981924
1411	0.05774836114
1412	0.05774716049
1413	0.05774479501
1414	0.05769203019
1415	0.05769090225
1416	0.05768237937
1417	0.05767949469
1418	0.0576711803
1419	0.05763918009
1420	0.05760754281
1421	0.05757099734
1422	0.05753082908
1423	0.05749956641
1424	0.0574703022
1425	0.05746905626
1426	0.05745200257
1427	0.05745044067
1428	0.05744791419
1429	0.05742836128
1430	0.05740451984
1431	0.05740261654
1432	0.05740168553
1433	0.05740053391
1434	0.05738130297
1435	0.05737497051
1436	0.05736974178
1437	0.05736399578
1438	0.05734723304
1439	0.05733893891
1440	0.05731755103
1441	0.05724080802
1442	0.0572017974
1443	0.05718722207
1444	0.05715933034
1445	0.05713113139
1446	0.05711507849
1447	0.05710130059
1448	0.057038721
1449	0.05700954774
1450	0.056977166
1451	0.05696461436
1452	0.05693444689
1453	0.0569336125
1454	0.05693283656
1455	0.0568587631
1456	0.05685781295
1457	0.05685643623
1458	0.0568293486
1459	0.05680109124
1460	0.05676294688
1461	0.05672569613
1462	0.0566972165
1463	0.05669061726
1464	0.05668765799
1465	0.05668483606
1466	0.05668055479
1467	0.05646496702
1468	0.0564311363
1469	0.05640247498
1470	0.05636729686
1471	0.05633462896
1472	0.05630535809
1473	0.05626493318
1474	0.05626175997
1475	0.05626127354
1476	0.05625830911
1477	0.0562309747
1478	0.05620399944
1479	0.0561771226
1480	0.0559713641
1481	0.05595677018
1482	0.05583781916
1483	0.05580247972
1484	0.05580211101
1485	0.05568917006
1486	0.05556872564
1487	0.0553851658
1488	0.05538453351
1489	0.05519235026
1490	0.05508528299
1491	0.0550840751
1492	0.0550828733
1493	0.0550826693
1494	0.05497413159
1495	0.05494949157
1496	0.05493098497
1497	0.05490486662
1498	0.05490455239
1499	0.05487659651
1500	0.05487312162
1501	0.05485255895
1502	0.05481409793
1503	0.05478998008
1504	0.05476432501
1505	0.05474060236
1506	0.05470246319
1507	0.05467748016
1508	0.05464863013
1509	0.05462627173
1510	0.05461735379
1511	0.05460902544
1512	0.05460674161
1513	0.05443508411
1514	0.05430410975
1515	0.05427167126
1516	0.05416453093
1517	0.05413777338
1518	0.05413654873
1519	0.0540331588
1520	0.05400299935
1521	0.05370503943
1522	0.05357153693
1523	0.05357088845
1524	0.05356824415
1525	0.05356545336
1526	0.05356433779
1527	0.05353304078
1528	0.05353270606
1529	0.05349974942
1530	0.05346889825
1531	0.05344402549
1532	0.05334962681
1533	0.05325856273
1534	0.05325085668
1535	0.05321918066
1536	0.05321855042
1537	0.05321767348
1538	0.05305120244
1539	0.05296141574
1540	0.05278998478
1541	0.05276309499
1542	0.05274420501
1543	0.05274273604
1544	0.05261606083
1545	0.05259171067
1546	0.05258984715
1547	0.05258900626
1548	0.05256488383
1549	0.05256431534
1550	0.05247182659
1551	0.05244536142
1552	0.05244499376
1553	0.05242061356
1554	0.05241147581
1555	0.05241104683
1556	0.05240900574
1557	0.05240864323
1558	0.05223282933
1559	0.05220341207
1560	0.05217995318
1561	0.05214127567
1562	0.05211944728
1563	0.05203007226
1564	0.05198689558
1565	0.0519791522
1566	0.05197837117
1567	0.05196994488
1568	0.05194058129
1569	0.05178176032
1570	0.05161218047
1571	0.05159351406
1572	0.05159279238
1573	0.05157123489
1574	0.05157058951
1575	0.05154986014
1576	0.05152838052
1577	0.05150742455
1578	0.05150534594
1579	0.0514812227
1580	0.05147893148
1581	0.05145751903
1582	0.0513653583
1583	0.051364515
1584	0.05135767598
1585	0.05135644073
1586	0.05135454534
1587	0.05133647005
1588	0.05133438001
1589	0.05133285996
1590	0.05133147571
1591	0.05132431589
1592	0.05132352776
1593	0.05132212166
1594	0.05130307494
1595	0.05128338291
1596	0.05126091681
1597	0.05126022166
1598	0.05125849948
1599	0.05125694109
1600	0.05125368389
1601	0.05125092291
1602	0.05125026456
1603	0.0512445711
1604	0.05123931434
1605	0.05123864954
1606	0.05123802444
1607	0.05123261847
1608	0.05123156021
1609	0.05123115427
1610	0.05123037492
1611	0.05122834005
1612	0.0512279583
1613	0.05122279066
1614	0.05122160675
1615	0.05121519977
1616	0.05118132268
1617	0.05117523072
1618	0.05117032434
1619	0.05116678627
1620	0.05113105983
1621	0.05099370941
1622	0.05095684171
1623	0.05091163261
1624	0.05090541498
1625	0.05088142306
1626	0.05086179946
1627	0.05082457333
1628	0.0506862463
1629	0.05055615712
1630	0.05052057969
1631	0.05039148456
1632	0.05023048394
1633	0.05022599813
1634	0.05022460636
1635	0.05020492662
1636	0.05005377795
1637	0.0499012711
1638	0.04989992038
1639	0.04989527644
1640	0.0498909784
1641	0.04988787542
1642	0.04985226919
1643	0.04985115638
1644	0.04985014247
1645	0.04984919823
1646	0.04983531782
1647	0.04979852593
1648	0.04979762527
1649	0.04979471638
1650	0.04979388672
1651	0.04979312994
1652	0.04979046476
1653	0.04977615184
1654	0.04966833405
1655	0.04966758849
1656	0.04963745222
1657	0.04962324585
1658	0.04962211425
1659	0.04960262524
1660	0.04957689759
1661	0.04954857012
1662	0.04954737177
1663	0.04951980095
1664	0.0495177327
1665	0.04949619459
1666	0.04949350987
1667	0.04949304624
1668	0.04949263222
1669	0.04947290945
1670	0.04945465774
1671	0.04945349449
1672	0.04941263565
1673	0.04941235769
1674	0.04941210182
1675	0.04941175548
1676	0.04939380915
1677	0.04939362424
1678	0.04939320409
1679	0.04936741721
1680	0.04935084189
1681	0.04934569288
1682	0.04931173002
1683	0.04930840189
1684	0.04930605789
1685	0.04930362148
1686	0.04930222065
1687	0.0493006171
1688	0.04929781489
1689	0.04929665853
1690	0.04929558822
1691	0.04929281326
1692	0.04925063452
1693	0.04924917519
1694	0.04924247031
1695	0.04921466249
1696	0.04917178991
1697	0.04917047576
1698	0.04916808218
1699	0.0491668163
1700	0.04916485857
1701	0.04916357013
1702	0.04916082197
1703	0.0490994555
1704	0.04909689068
1705	0.04909521124
1706	0.04907441056
1707	0.04894064774
1708	0.04880641162
1709	0.04880437843
1710	0.04880302457
1711	0.04878456896
1712	0.04878316702
1713	0.04874335759
1714	0.04862831998
1715	0.04862564062
1716	0.04847999404
1717	0.04846283429
1718	0.04844051667
1719	0.04840631962
1720	0.04827096373
1721	0.04827030338
1722	0.04825704857
1723	0.04824518436
1724	0.04822418921
1725	0.04822290944
1726	0.04822187727
1727	0.04808894713
1728	0.04807080639
1729	0.0480443698
1730	0.04803976804
1731	0.04800436902
1732	0.04800322469
1733	0.04800240493
1734	0.04800199958
1735	0.04796683684
1736	0.04793724969
1737	0.04793574854
1738	0.04791945547
1739	0.04789504986
1740	0.04789362436
1741	0.04780728855
1742	0.04769815396
1743	0.04769590193
1744	0.04756199151
1745	0.04756035709
1746	0.04756003916
1747	0.04755941047
1748	0.04755840136
1749	0.04755638551
1750	0.0475556095
1751	0.04754890593
1752	0.04754833781
1753	0.04746951857
1754	0.0474686363
1755	0.04745134238
1756	0.04743980951
1757	0.04743911465
1758	0.04731002466
1759	0.04730925907
1760	0.04730871877
1761	0.04730834041
1762	0.04730728926
1763	0.0473053822
1764	0.04730501892
1765	0.04730444525
1766	0.04730399514
1767	0.04727061223
1768	0.04727029056
1769	0.04725488673
1770	0.04724339984
1771	0.04723556535
1772	0.04723045349
1773	0.04719867966
1774	0.04719760401
1775	0.04719458224
1776	0.04718143638
1777	0.04717314668
1778	0.04704385572
1779	0.04704148884
1780	0.04702192566
1781	0.04702100104
1782	0.04700868828
1783	0.04700796627
1784	0.04700727602
1785	0.04700685209
1786	0.04700511966
1787	0.04688483712
1788	0.04686091714
1789	0.04683051929
1790	0.04682975603
1791	0.04681164252
1792	0.04680984004
1793	0.04680870427
1794	0.04680734164
1795	0.04678232453
1796	0.04666467628
1797	0.04664162509
1798	0.04657077719
1799	0.04653486402
1800	0.04641338727
1801	0.04639643237
1802	0.04639450093
1803	0.04639369716
1804	0.04639154367
1805	0.04638797715
1806	0.04636534456
1807	0.04636441093
1808	0.04635415737
1809	0.04626503172
1810	0.04626330545
1811	0.04626221507
1812	0.04617121676
1813	0.04614458625
1814	0.04612097817
1815	0.04601184538
1816	0.0459882004
1817	0.04596442645
1818	0.0457941693
1819	0.04562461699
1820	0.04546398025
1821	0.04541842458
1822	0.04539738798
1823	0.0453745389
1824	0.0453649877
1825	0.0452122897
1826	0.04510920623
1827	0.04509044042
1828	0.04506864057
1829	0.04506251765
1830	0.04496231224
1831	0.04495810144
1832	0.04484941644
1833	0.04482854648
1834	0.04480775467
1835	0.04464291941
1836	0.04464152868
1837	0.04464035522
1838	0.04464004859
1839	0.04463974316
1840	0.04463904279
1841	0.04463722887
1842	0.04463601365
1843	0.0446266127
1844	0.04462443975
1845	0.04462239762
1846	0.04462147998
1847	0.04461929471
1848	0.04459886229
1849	0.04457852311
1850	0.04457692678
1851	0.04456687908
1852	0.04456632224
1853	0.04456459435
1854	0.04450386302
1855	0.04450331654
1856	0.04450286491
1857	0.04450073624
1858	0.04449964645
1859	0.0444980973
1860	0.04447770034
1861	0.04447446088
1862	0.04447338593
1863	0.04447322712
1864	0.04447121247
1865	0.0444621717
1866	0.04446178817
1867	0.04446074257
1868	0.04445542209
1869	0.04445051865
1870	0.04444864823
1871	0.04444570409
1872	0.04444473404
1873	0.04443354442
1874	0.04443280176
1875	0.04437693747
1876	0.04437361392
1877	0.04437090126
1878	0.04436855993
1879	0.04431463211
1880	0.04431378691
1881	0.04431264768
1882	0.04431179429
1883	0.04430957777
1884	0.04427539424
1885	0.04427265129
1886	0.04427151332
1887	0.04426872376
1888	0.04426677607
1889	0.04426429063
1890	0.04426137346
1891	0.04425888403
1892	0.04422921315
1893	0.04420724512
1894	0.04420501942
1895	0.04420203062
1896	0.04420084009
1897	0.04419994127
1898	0.0441996461
1899	0.0441985654
1900	0.0441965251
1901	0.04419575632
1902	0.044195013
1903	0.04419419842
1904	0.04416616183
1905	0.04416509454
1906	0.04415135153
1907	0.04413946976
1908	0.04413868162
1909	0.04412904376
1910	0.04412826421
1911	0.04412663383
1912	0.04412460571
1913	0.04405999423
1914	0.04405699073
1915	0.04405359842
1916	0.04402873659
1917	0.04402648683
1918	0.04402603035
1919	0.04393433955
1920	0.04393681133
1921	0.04392464253
1922	0.04384003418
1923	0.04375781397
1924	0.04375666282
1925	0.04375986302
1926	0.04375042174
1927	0.0437498667
1928	0.04374919184
1929	0.04374838417
1930	0.04372694953
1931	0.04372517579
1932	0.04370611062
1933	0.04368225577
1934	0.04368088547
1935	0.04366275642
1936	0.04366204671
1937	0.04365867159
1938	0.04365762375
1939	0.04365678951
1940	0.04362477392
1941	0.04362244211
1942	0.04359957969
1943	0.04359877314
1944	0.04353446123
1945	0.04352840928
1946	0.04343984538
1947	0.0434339384
1948	0.04343275055
1949	0.04342742002
1950	0.04342207739
1951	0.04340118305
1952	0.04340025265
1953	0.04337619734
1954	0.04332748781
1955	0.04332630203
1956	0.04332421861
1957	0.04332224679
1958	0.04332038857
1959	0.04331862842
1960	0.04331697509
1961	0.04331543311
1962	0.04331506747
1963	0.04331472658
1964	0.04331348029
1965	0.04328118209
1966	0.04324720329
1967	0.04324686275
1968	0.04324623777
1969	0.04324550951
1970	0.04324379163
1971	0.04324148707
1972	0.04324071742
1973	0.04324002632
1974	0.04323930359
1975	0.04323700587
1976	0.04323619486
1977	0.04323475639
1978	0.0432188034
1979	0.04319496251
1980	0.04313958764
1981	0.04313888445
1982	0.04313804611
1983	0.04313399077
1984	0.04311669876
1985	0.04308472216
1986	0.04307130136
1987	0.04296681498
1988	0.04296602886
1989	0.04296564595
1990	0.04294605188
1991	0.0429319196
1992	0.04292982785
1993	0.04286184672
1994	0.04285990871
1995	0.04285962339
1996	0.04285936321
1997	0.04285751187
1998	0.04285443464
1999	0.04285394242
2000	0.04285094534
2001	0.04284966177
2002	0.04284897904
2003	0.04284752314
2004	0.04281851843
2005	0.04281761328
2006	0.04281678332
2007	0.04281583686
2008	0.04281394186
2009	0.04279644417
2010	0.04270605312
2011	0.04270527288
2012	0.04270445432
2013	0.04270315852
2014	0.04270254865
2015	0.0427017874
2016	0.04269693707
2017	0.04269648317
2018	0.0426936072
2019	0.04267420589
2020	0.0426568302
2021	0.04262955214
2022	0.04262642216
2023	0.04261852938
2024	0.04260542191
2025	0.04258517112
2026	0.0425837709
2027	0.04258340767
2028	0.042582189
2029	0.042581916
2030	0.04258086205
2031	0.04258061515
2032	0.04248442024
2033	0.04248357496
2034	0.04246739575
2035	0.04246623024
2036	0.04246498834
2037	0.042464413
2038	0.04233971437
2039	0.0423241925
2040	0.04232393814
2041	0.04232248238
2042	0.04232177648
2043	0.04231986822
2044	0.04231892347
2045	0.04231714292
2046	0.04231626371
2047	0.04231569069
2048	0.04229748912
2049	0.0422956797
2050	0.04227038248
2051	0.0422701708
2052	0.04226709469
2053	0.04226592913
2054	0.04226567053
2055	0.04223712127
2056	0.04223631155
2057	0.0422065081
2058	0.04215163453
2059	0.04214772543
2060	0.04214686199
2061	0.04214218215
2062	0.04213963288
2063	0.04213947499
2064	0.04206473217
2065	0.04206398326
2066	0.04203747399
2067	0.04192644217
2068	0.04183597618
2069	0.04181102404
2070	0.04172064107
2071	0.04171616444
2072	0.04171196671
2073	0.04160574592
2074	0.04158509971
2075	0.04158271441
2076	0.04157667822
2077	0.04157434004
2078	0.04157245422
2079	0.04157293813
2080	0.04157102978
2081	0.04157167664
2082	0.04156725037
2083	0.0415677786
2084	0.04156751004
2085	0.04156735945
2086	0.04156710941
2087	0.04155668345
2088	0.04155419757
2089	0.04155294646
2090	0.04155215484
2091	0.04153716108
2092	0.04153693038
2093	0.04153671503
2094	0.04152213689
2095	0.0415213068
2096	0.0415205448
2097	0.04151979003
2098	0.04151814551
2099	0.04151529462
2100	0.04151346336
2101	0.04150362325
2102	0.04150289204
2103	0.04149918697
2104	0.04149892423
2105	0.04149627118
2106	0.04149607962
2107	0.04148206555
2108	0.04143371054
2109	0.04143276692
2110	0.04141601298
2111	0.04141382985
2112	0.04141261078
2113	0.04140807214
2114	0.04132427345
2115	0.04130466652
2116	0.04130352381
2117	0.04130099445
2118	0.04129837063
2119	0.04129773393
2120	0.04129650524
2121	0.0412806051
2122	0.04126276213
2123	0.04126196198
2124	0.04126071298
2125	0.04125803245
2126	0.04125743286
2127	0.0412544096
2128	0.04117266924
2129	0.04117097849
2130	0.04116656642
2131	0.04116594108
2132	0.04116558393
2133	0.04116512094
2134	0.04116309548
2135	0.04116045611
2136	0.04115803557
2137	0.04115737876
2138	0.04115504846
2139	0.04115437268
2140	0.0411539225
2141	0.04114301749
2142	0.04114253027
2143	0.04114192344
2144	0.04114155758
2145	0.04114099422
2146	0.04113998757
2147	0.04113940251
2148	0.04106888355
2149	0.04106827478
2150	0.04106051293
2151	0.04105906767
2152	0.04105856598
2153	0.04105795062
2154	0.04105507142
2155	0.04105352949
2156	0.04105143195
2157	0.04104871135
2158	0.0410290468
2159	0.0410237539
2160	0.04102223203
2161	0.04102182745
2162	0.04102080404
2163	0.0410200582
2164	0.04101368118
2165	0.04101307942
2166	0.04101170729
2167	0.04100281075
2168	0.04100225412
2169	0.04100182389
2170	0.04099891592
2171	0.04099824856
2172	0.04099637228
2173	0.04095660726
2174	0.04095596103
2175	0.04095527964
2176	0.04093545638
2177	0.04093509686
2178	0.04092247778
2179	0.04092212686
2180	0.04092159188
2181	0.04092063627
2182	0.04091921255
2183	0.040908275
2184	0.04090751282
2185	0.04090727744
2186	0.04090679477
2187	0.04090604497
2188	0.04090429932
2189	0.04090362468
2190	0.04090293753
2191	0.04090256172
2192	0.04090221432
2193	0.04088708064
2194	0.04087302191
2195	0.04087486685
2196	0.04086042505
2197	0.04086007337
2198	0.04085974483
2199	0.04085947606
2200	0.04085905381
2201	0.04085930917
2202	0.04085882605
2203	0.0408577244
2204	0.04085634056
2205	0.04084837965
2206	0.04083113912
2207	0.04081291104
2208	0.0407958215
2209	0.04078083494
2210	0.04075311608
2211	0.04074942689
2212	0.04074849736
2213	0.04074378485
2214	0.04074305139
2215	0.04074175134
2216	0.0406635822
2217	0.04066347158
2218	0.04066237691
2219	0.04065992637
2220	0.04058473792
2221	0.04053454943
2222	0.04051715677
2223	0.04047473711
2224	0.04040032976
2225	0.04032746228
2226	0.04032464972
2227	0.04025441525
2228	0.04023580199
2229	0.0402160452
2230	0.04019696666
2231	0.04019624863
2232	0.04011023938
2233	0.04009633532
2234	0.04008758688
2235	0.0400876427
2236	0.04008647412
2237	0.04006411898
2238	0.04001915006
2239	0.04001750317
2240	0.04001455391
2241	0.03997144232
2242	0.0399726252
2243	0.03996430808
2244	0.03996125397
2245	0.03995360716
2246	0.03994997218
2247	0.03994465473
2248	0.03992951761
2249	0.03985930602
2250	0.0397985049
2251	0.03979400705
2252	0.03977979117
2253	0.0397699267
2254	0.03970871373
2255	0.03964846474
2256	0.03963722012
2257	0.03957775848
2258	0.03956791213
2259	0.03956552276
2260	0.03955153123
2261	0.03955034158
2262	0.03953017751
2263	0.03945044719
2264	0.0394324873
2265	0.03941933567
2266	0.03941533323
2267	0.03941454308
2268	0.03939531908
2269	0.0393778179
2270	0.03935678042
2271	0.03934290031
2272	0.03934199048
2273	0.03934099969
2274	0.03932133122
2275	0.03931224665
2276	0.03929523966
2277	0.03929212669
2278	0.03928851819
2279	0.03928703505
2280	0.03928494971
2281	0.03927597843
2282	0.0392738215
2283	0.03925088983
2284	0.03925002361
2285	0.03923245917
2286	0.03923186096
2287	0.03923154687
2288	0.03922935629
2289	0.03922866147
2290	0.03922689852
2291	0.03922641144
2292	0.0392252009
2293	0.03921191317
2294	0.03919742684
2295	0.03917835178
2296	0.03916232202
2297	0.03911445362
2298	0.03911098588
2299	0.03910986181
2300	0.03905361901
2301	0.03903427473
2302	0.0390325443
2303	0.03901765519
2304	0.0389972238
2305	0.03897958809
2306	0.03897760342
2307	0.03897482309
2308	0.03897344289
2309	0.03897206177
2310	0.03896945491
2311	0.03896895524
2312	0.03896814627
2313	0.038921593
2314	0.03892059486
2315	0.03891926965
2316	0.03887005471
2317	0.03886743013
2318	0.03886547546
2319	0.03886500588
2320	0.03886397402
2321	0.03878473276
2322	0.03878429735
2323	0.0387826838
2324	0.03878224512
2325	0.03877929858
2326	0.03877730176
2327	0.03871868886
2328	0.03870105787
2329	0.03870035606
2330	0.03868500757
2331	0.03868408479
2332	0.03868368427
2333	0.03868303968
2334	0.03867697054
2335	0.03866105015
2336	0.03865052464
2337	0.03863936073
2338	0.0386389351
2339	0.03863479619
2340	0.03862498757
2341	0.03856728279
2342	0.03856458269
2343	0.03850801799
2344	0.03847754563
2345	0.03847625569
2346	0.03846038685
2347	0.03845993513
2348	0.03845915123
2349	0.03845842439
2350	0.03845789928
2351	0.03845642905
2352	0.0384555116
2353	0.03845380395
2354	0.03845324832
2355	0.03844453093
2356	0.03844347642
2357	0.03844283635
2358	0.0384313986
2359	0.03842939054
2360	0.03841666243
2361	0.03841605542
2362	0.03841549124
2363	0.03841496287
2364	0.03841434947
2365	0.03832072752
2366	0.03830813489
2367	0.03830712967
2368	0.03828371053
2369	0.03828329924
2370	0.03822960231
2371	0.03822678499
2372	0.03820458946
2373	0.03820426
2374	0.03813413949
2375	0.03813147711
2376	0.03807851189
2377	0.03798911991
2378	0.03798026657
2379	0.03797265224
2380	0.03796612169
2381	0.03796211866
2382	0.03794645113
2383	0.03793084881
2384	0.03791567074
2385	0.03789922824
2386	0.03786380879
2387	0.037849368
2388	0.03784902699
2389	0.03784813859
2390	0.03784767675
2391	0.03783786124
2392	0.03783858435
2393	0.03784142114
2394	0.03784002713
2395	0.03783908785
2396	0.03783609944
2397	0.03783551996
2398	0.03783501573
2399	0.0378202271
2400	0.0378179522
2401	0.03779638529
2402	0.03779659553
2403	0.03777116035
2404	0.03775658052
2405	0.03774266949
2406	0.03774055198
2407	0.03774057357
2408	0.03772164816
2409	0.03771490674
2410	0.03771163315
2411	0.03770844939
2412	0.03762952149
2413	0.03760959681
2414	0.03757950562
2415	0.03757725693
2416	0.03753801247
2417	0.03752204247
2418	0.03751565586
2419	0.03750032084
2420	0.03749746359
2421	0.03749538573
2422	0.03749481004
2423	0.03749377281
2424	0.03749303579
2425	0.03749034219
2426	0.03747215341
2427	0.0374584774
2428	0.03744388122
2429	0.0374321122
2430	0.0374302318
2431	0.03742892078
2432	0.03742774589
2433	0.03741139885
2434	0.03741033236
2435	0.03740933715
2436	0.03740035596
2437	0.03740014224
2438	0.03739914997
2439	0.03739764716
2440	0.03739694761
2441	0.03739631399
2442	0.03739433141
2443	0.03739370706
2444	0.03739218963
2445	0.03737742858
2446	0.03737459754
2447	0.03737390307
2448	0.03737249766
2449	0.03735569148
2450	0.03733720382
2451	0.03732388673
2452	0.03730597954
2453	0.03730595144
2454	0.03722721405
2455	0.03722457369
2456	0.03722324305
2457	0.03722265172
2458	0.03722212826
2459	0.03720702511
2460	0.03717072736
2461	0.03716919142
2462	0.03716653032
2463	0.03715276888
2464	0.03715255235
2465	0.03713698842
2466	0.0371055503
2467	0.03703562523
2468	0.03703332661
2469	0.03694761983
2470	0.03694117756
2471	0.03692633163
2472	0.03692647501
2473	0.03692547973
2474	0.03682188891
2475	0.03682171888
2476	0.03682174461
2477	0.03681648356
2478	0.03671799238
2479	0.03671728653
2480	0.03671229185
2481	0.03670018934
2482	0.0366978616
2483	0.0366956646
2484	0.03666091227
2485	0.03664804954
2486	0.03664552681
2487	0.03664042875
2488	0.03663934187
2489	0.03663448453
2490	0.03657411059
2491	0.03657324488
2492	0.03657357966
2493	0.03657391325
2494	0.03657435536
2495	0.03657921531
2496	0.03657827352
2497	0.03656494178
2498	0.03656295066
2499	0.03655112987
2500	0.03655682504
2501	0.03655642532
2502	0.03655511007
2503	0.03654232913
2504	0.03653300214
2505	0.03653166281
2506	0.03653045938
2507	0.03652581952
2508	0.0365087167
2509	0.0365033001
2510	0.03649754173
2511	0.03649291646
2512	0.03648858257
2513	0.03645830574
2514	0.03645721326
2515	0.03645435595
2516	0.03644282134
2517	0.03644235802
2518	0.03643316169
2519	0.03642664602
2520	0.03642446491
2521	0.03642400529
2522	0.03642365599
2523	0.03642321825
2524	0.0364172086
2525	0.03641270954
2526	0.03641064548
2527	0.03639912662
2528	0.03639953169
2529	0.03639883995
2530	0.03639842446
2531	0.03639785
2532	0.03640375019
2533	0.03635017722
2534	0.03633763894
2535	0.03633805618
2536	0.03633775311
2537	0.03632431057
2538	0.03632364335
2539	0.03632300854
2540	0.03632240578
2541	0.0363081388
2542	0.03629625825
2543	0.03629618289
2544	0.03628502918
2545	0.03621410317
2546	0.03615007643
2547	0.0361350173
2548	0.03612524522
2549	0.03612487447
2550	0.03612379042
2551	0.03612354227
2552	0.03612313978
2553	0.03611679298
2554	0.03611636148
2555	0.03610881105
2556	0.03608898905
2557	0.03606963521
2558	0.03606903658
2559	0.03605787156
2560	0.03605697678
2561	0.03605602268
2562	0.03604896013
2563	0.03603024793
2564	0.03602472584
2565	0.03600890446
2566	0.03600868123
2567	0.03600534834
2568	0.03600472786
2569	0.03600320896
2570	0.03599216975
2571	0.03597887877
2572	0.03589529338
2573	0.03589643674
2574	0.03587033942
2575	0.03586962579
2576	0.03585822761
2577	0.03585757185
2578	0.03585325164
2579	0.0358486378
2580	0.03583174086
2581	0.03582752462
2582	0.03582652271
2583	0.03582587875
2584	0.03582486631
2585	0.03582420487
2586	0.03582263237
2587	0.03582257452
2588	0.03582174812
2589	0.03581619808
2590	0.03580494366
2591	0.03580409503
2592	0.03580261758
2593	0.03580208753
2594	0.03580070254
2595	0.03580132441
2596	0.03580105836
2597	0.03578847154
2598	0.03577691599
2599	0.03577693558
2600	0.03577594159
2601	0.03577531142
2602	0.03577481677
2603	0.03577415943
2604	0.03577324546
2605	0.03577294873
2606	0.03577214716
2607	0.03577039561
2608	0.0357701832
2609	0.03576926106
2610	0.03577531223
2611	0.03578248568
2612	0.03576986964
2613	0.03575786448
2614	0.03574532026
2615	0.03573310872
2616	0.0357326304
2617	0.03573155498
2618	0.03573114974
2619	0.03573059567
2620	0.03573605497
2621	0.03573479214
2622	0.03573421356
2623	0.03572257519
2624	0.03572155433
2625	0.03572048094
2626	0.03571996438
2627	0.03572002057
2628	0.03570825636
2629	0.03569780144
2630	0.03569762684
2631	0.03569715628
2632	0.03569644681
2633	0.03569541775
2634	0.03567288162
2635	0.03566462168
2636	0.03566423264
2637	0.03565235477
2638	0.03565130016
2639	0.03565068568
2640	0.03564954231
2641	0.03564635561
2642	0.03563963748
2643	0.03564091363
2644	0.03564072764
2645	0.03563630265
2646	0.0356351262
2647	0.03563334308
2648	0.03561949533
2649	0.03561850441
2650	0.03560803133
2651	0.03556372185
2652	0.03556325077
2653	0.03556245224
2654	0.03556149063
2655	0.03555205693
2656	0.03553669596
2657	0.03553566699
2658	0.03551930876
2659	0.0355186988
2660	0.03551816191
2661	0.03551754792
2662	0.03551737012
2663	0.03551648555
2664	0.03551549202
2665	0.03551452076
2666	0.03551415128
2667	0.03551187067
2668	0.03547951861
2669	0.03547255954
2670	0.03547286632
2671	0.0354623139
2672	0.03545647239
2673	0.03545092951
2674	0.03545061027
2675	0.03544513704
2676	0.03544442665
2677	0.03543606357
2678	0.03542638687
2679	0.0354244624
2680	0.03542028584
2681	0.03541562013
2682	0.03541506162
2683	0.03541369856
2684	0.03541316563
2685	0.03541155663
2686	0.03539597166
2687	0.03539540311
2688	0.03539410131
2689	0.03539348988
2690	0.03538959774
2691	0.03538906601
2692	0.03537495001
2693	0.03537328717
2694	0.03536228041
2695	0.03536164216
2696	0.03536062968
2697	0.0353432543
2698	0.03534239355
2699	0.03534088201
2700	0.03534007958
2701	0.03533728598
2702	0.03533534139
2703	0.03532309509
2704	0.03532235049
2705	0.03532129786
2706	0.0353083239
2707	0.03529588827
2708	0.0352848699
2709	0.03528471888
2710	0.03521651868
2711	0.03521626351
2712	0.0352160104
2713	0.0352217506
2714	0.03522101286
2715	0.03522041985
2716	0.03521010284
2717	0.03520954738
2718	0.03519984085
2719	0.03519170068
2720	0.03519175124
2721	0.03519253047
2722	0.03519266396
2723	0.03519355365
2724	0.03518220104
2725	0.03518199136
2726	0.03517774925
2727	0.03517000257
2728	0.03517568016
2729	0.0351691265
2730	0.03516496321
2731	0.03515933487
2732	0.03516635016
2733	0.03516532973
2734	0.0351644671
2735	0.03516574712
2736	0.0351628662
2737	0.03517018961
2738	0.03516521239
2739	0.0351634863
2740	0.03516304161
2741	0.03516140375
2742	0.03516067677
2743	0.03515912941
2744	0.03515874068
2745	0.0351478353
2746	0.03514379204
2747	0.0351402873
2748	0.03513993875
2749	0.03512535523
2750	0.03511094078
2751	0.03511053111
2752	0.03510966109
2753	0.03510822135
2754	0.03510767105
2755	0.03509634133
2756	0.03509547375
2757	0.03509466614
2758	0.03509392122
2759	0.03508882066
2760	0.03508863316
2761	0.0350874663
2762	0.03507515359
2763	0.0350735724
2764	0.03506237042
2765	0.03505849508
2766	0.03505833738
2767	0.0350526043
2768	0.03504319439
2769	0.03504251484
2770	0.0350346839
2771	0.03503452617
2772	0.03503172419
2773	0.03502407682
2774	0.03502276178
2775	0.0350241855
2776	0.0350175646
2777	0.03501565318
2778	0.03500955177
2779	0.03500897435
2780	0.03500782182
2781	0.03499029303
2782	0.03498950352
2783	0.03496960636
2784	0.03496779856
2785	0.03496552562
2786	0.03495788515
2787	0.03495567422
2788	0.03495525819
2789	0.03495141066
2790	0.03494709344
2791	0.03492994388
2792	0.03492934295
2793	0.03490253016
2794	0.03490178724
2795	0.03488231056
2796	0.03488176675
2797	0.03488047641
2798	0.03487984305
2799	0.03487942767
2800	0.0348796711
2801	0.03487927263
2802	0.03487627849
2803	0.0348734386
2804	0.03487838134
2805	0.03488129428
2806	0.03486298531
2807	0.03486285159
2808	0.03486040569
2809	0.03484273796
2810	0.03484217233
2811	0.03484196751
2812	0.03484077104
2813	0.03484056872
2814	0.03483994794
2815	0.03483500173
2816	0.0348279666
2817	0.03482797609
2818	0.03482464238
2819	0.03482452188
2820	0.0348246176
2821	0.03482436661
2822	0.03482419861
2823	0.03482375567
2824	0.03482203154
2825	0.03482154467
2826	0.03482140504
2827	0.03482063753
2828	0.03482050267
2829	0.03481982861
2830	0.03481959143
2831	0.03481886453
2832	0.03481857856
2833	0.03481482147
2834	0.0348125571
2835	0.03481267941
2836	0.03481248058
2837	0.03481173514
2838	0.0348149654
2839	0.03481859751
2840	0.03481750882
2841	0.03481650404
2842	0.03481558112
2843	0.03481547356
2844	0.0348152919
2845	0.03480376028
2846	0.03480367471
2847	0.03478737945
2848	0.0347871933
2849	0.03478675604
2850	0.03478603069
2851	0.03477865098
2852	0.03477760816
2853	0.03477671409
2854	0.03477607671
2855	0.03477573161
2856	0.03477512248
2857	0.03477408014
2858	0.03477387379
2859	0.03477283686
2860	0.03477098491
2861	0.03477084684
2862	0.03477036255
2863	0.03477028957
2864	0.03477156407
2865	0.03477101002
2866	0.03477059457
2867	0.03476774899
2868	0.03476621812
2869	0.03475409969
2870	0.03475321012
2871	0.03475255483
2872	0.03474950232
2873	0.03474929863
2874	0.03474448112
2875	0.03473281192
2876	0.0347279709
2877	0.03472754847
2878	0.03471888529
2879	0.03471846525
2880	0.03471753274
2881	0.03471594181
2882	0.0347169403
2883	0.03471604029
2884	0.03470820096
2885	0.03470597689
2886	0.03467290328
2887	0.03467401393
2888	0.0346721863
2889	0.03466163531
2890	0.0346499274
2891	0.03464913028
2892	0.03464838406
2893	0.03463925326
2894	0.03462992018
2895	0.03461712952
2896	0.03461635373
2897	0.03460510062
2898	0.03459568902
2899	0.03459544914
2900	0.03459514481
2901	0.03458813673
2902	0.03458767511
2903	0.03458735185
2904	0.03457951067
2905	0.03456992547
2906	0.03456628952
2907	0.03455705866
2908	0.03454416886
2909	0.03454257351
2910	0.03453631386
2911	0.034529285
2912	0.03452030897
2913	0.03451872248
2914	0.03451919646
2915	0.03451580973
2916	0.03451519737
2917	0.03451505866
2918	0.034514438
2919	0.03451328997
2920	0.03451013827
2921	0.03443564282
2922	0.03437209247
2923	0.03435978118
2924	0.03435884993
2925	0.03435830915
2926	0.03435775575
2927	0.03428258097
2928	0.0342823193
2929	0.03427088261
2930	0.03427052406
2931	0.03426635813
2932	0.03425858098
2933	0.03425850332
2934	0.03425843395
2935	0.03425816475
2936	0.03425853665
2937	0.03425099859
2938	0.03424875915
2939	0.03417619992
2940	0.03417537817
2941	0.03410483667
2942	0.03410425849
2943	0.034102918
2944	0.03409419826
2945	0.03409271671
2946	0.03409182101
2947	0.03409854969
2948	0.03409778343
2949	0.03408344767
2950	0.03408275313
2951	0.03407547799
2952	0.03407124082
2953	0.03406548695
2954	0.03406122282
2955	0.03405093465
2956	0.03404882054
2957	0.03404764178
2958	0.0340464165
2959	0.03404143346
2960	0.03404048947
2961	0.03404320803
2962	0.03404132476
2963	0.03404587433
2964	0.03404503231
2965	0.03404342892
2966	0.03404289983
2967	0.03403839883
2968	0.03403987868
2969	0.03403575973
2970	0.03403246072
2971	0.03403212919
2972	0.03402979665
2973	0.03402428418
2974	0.03401516556
2975	0.03400823726
2976	0.03399974637
2977	0.03399734501
2978	0.03399709795
2979	0.03399327933
2980	0.03399012198
2981	0.03398786309
2982	0.03398500028
2983	0.03398640308
2984	0.03397315978
2985	0.03396295074
2986	0.03394926479
2987	0.03394726765
2988	0.03394514053
2989	0.03394421025
2990	0.03394221522
2991	0.03393037662
2992	0.03392944475
2993	0.03392694918
2994	0.03392497511
2995	0.03392436866
2996	0.03392359337
2997	0.0339229995
2998	0.03392190767
2999	0.03392152866
3000	0.03392083245
3001	0.03392021748
3002	0.03391834781
3003	0.03391676113
3004	0.03390376774
3005	0.03390001861
3006	0.03389942099
3007	0.03388525766
3008	0.03388618637
3009	0.03388298587
3010	0.03386563077
3011	0.03386516085
3012	0.03386623516
3013	0.03386593267
3014	0.03386547604
3015	0.03384381452
3016	0.03384337093
3017	0.03384106092
3018	0.03384372432
3019	0.03384650962
3020	0.03384934696
3021	0.03385216278
3022	0.03385514463
3023	0.03384394092
3024	0.03384436548
3025	0.03383677881
3026	0.03382760783
3027	0.03382633842
3028	0.03381751476
3029	0.03375051622
3030	0.03371157258
3031	0.03369981348
3032	0.03363772425
3033	0.03363700385
3034	0.03362577944
3035	0.03362512108
3036	0.03361128308
3037	0.03360933899
3038	0.03360876402
3039	0.03360830022
3040	0.0336078807
3041	0.03360602252
3042	0.03361063221
3043	0.03360924948
3044	0.03360824915
3045	0.03354362636
3046	0.03352998916
3047	0.03352832833
3048	0.03351757979
3049	0.03351538819
3050	0.03351497734
3051	0.03351456808
3052	0.03350949064
3053	0.03345503244
3054	0.0334544818
3055	0.03344990494
3056	0.03339080369
3057	0.03331721846
3058	0.03331629639
3059	0.03331588236
3060	0.03326652884
3061	0.03321137152
3062	0.03315979012
3063	0.03315910696
3064	0.03315824113
3065	0.03310191642
3066	0.03308863777
3067	0.03308435686
3068	0.03308277692
3069	0.03308195912
3070	0.03306725668
3071	0.03302520908
3072	0.03301809544
3073	0.0330115628
3074	0.03294912816
3075	0.03293998124
3076	0.03293949154
3077	0.03291623256
3078	0.03291309589
3079	0.03291193741
3080	0.03290025502
3081	0.03284469351
3082	0.03284320364
3083	0.0328426093
3084	0.03284200623
3085	0.03281902533
3086	0.03278269616
3087	0.03278210743
3088	0.03276003049
3089	0.0327535515
3090	0.03275050245
3091	0.03274816049
3092	0.03274751582
3093	0.03274679914
3094	0.03274621905
3095	0.03274568261
3096	0.03274509008
3097	0.03274458747
3098	0.03274400256
3099	0.0327435804
3100	0.03273659317
3101	0.03269159114
3102	0.03263333162
3103	0.03263296425
3104	0.03263241507
3105	0.03262985858
3106	0.03261570179
3107	0.03256777071
3108	0.03257025912
3109	0.03252282352
3110	0.03251229622
3111	0.03250399369
3112	0.03247168342
3113	0.03245858826
3114	0.03240103993
3115	0.0323932412
3116	0.03239262339
3117	0.03234370934
3118	0.03234239196
3119	0.03230922945
3120	0.03230646407
3121	0.03229705654
3122	0.03223356259
3123	0.03219946207
3124	0.03220353682
3125	0.03215694537
3126	0.03214987058
3127	0.03214310579
3128	0.03213788637
3129	0.03213496848
3130	0.03213458087
3131	0.03212790609
3132	0.03207272171
3133	0.03202124133
3134	0.03200251831
3135	0.03194983564
3136	0.03187346876
3137	0.03181440746
3138	0.0318131358
3139	0.03176934872
3140	0.03173029273
3141	0.03172613514
3142	0.03172576798
3143	0.03171710635
3144	0.03170716183
3145	0.03170864027
3146	0.03169890917
3147	0.03169874887
3148	0.03170076128
3149	0.03170064142
3150	0.03169974041
3151	0.03169963439
3152	0.03169810266
3153	0.03169720998
3154	0.03169683497
3155	0.03169620051
3156	0.03169478482
3157	0.03166373916
3158	0.03166119843
3159	0.03165125321
3160	0.03165059216
3161	0.03163441723
3162	0.03159994421
3163	0.03159928449
3164	0.03159872161
3165	0.03159839336
3166	0.03159706252
3167	0.03159826146
3168	0.03159673414
3169	0.03158584209
3170	0.03158519894
3171	0.0315783825
3172	0.03156668933
3173	0.03156550893
3174	0.03156531779
3175	0.0315554601
3176	0.03152616132
3177	0.03147304045
3178	0.03147305304
3179	0.03147204693
3180	0.03146970241
3181	0.03146941188
3182	0.03146562167
3183	0.03145573126
3184	0.03145147867
3185	0.03144996944
3186	0.03144991251
3187	0.03144921424
3188	0.03145122055
3189	0.03144825376
3190	0.03144784824
3191	0.03144636064
3192	0.03144599636
3193	0.03144589785
3194	0.03144541177
3195	0.03144506653
3196	0.0314447583
3197	0.03144468421
3198	0.03144444029
3199	0.03144087178
3200	0.03143829928
3201	0.03138768555
3202	0.03138382211
3203	0.0313311163
3204	0.03132339682
3205	0.03128551905
3206	0.03128030849
3207	0.03128000288
3208	0.03127533004
3209	0.03122351902
3210	0.03122941304
3211	0.03119732668
3212	0.03119441117
3213	0.03119102493
3214	0.03118744478
3215	0.03118340872
3216	0.03117952886
3217	0.03117752576
3218	0.03117576618
3219	0.03117396915
3220	0.03116194979
3221	0.03116146676
3222	0.03112229548
3223	0.03106937163
3224	0.0310593324
3225	0.03105646524
3226	0.03105622705
3227	0.03104628965
3228	0.03101822154
3229	0.03095208068
3230	0.03094221952
3231	0.03090145773
3232	0.0308844449
3233	0.03084536883
3234	0.03084257503
3235	0.03084202436
3236	0.03080853971
3237	0.03078050974
3238	0.03077801583
3239	0.03077603022
3240	0.03074117677
3241	0.03071407026
3242	0.03070526721
3243	0.03067870618
3244	0.03063608412
3245	0.03062994063
3246	0.03062480109
3247	0.03061565927
3248	0.03061512692
3249	0.03061462495
3250	0.03056157174
3251	0.03056119065
3252	0.03052592066
3253	0.03050207199
3254	0.03050151391
3255	0.03049790293
3256	0.03049758133
3257	0.03049707684
3258	0.03049576445
3259	0.0304947105
3260	0.03049350754
3261	0.03048541484
3262	0.03048466636
3263	0.03047324431
3264	0.03045655976
3265	0.03045800449
3266	0.0304595236
3267	0.03045906919
3268	0.0304609881
3269	0.03046055695
3270	0.0304624803
3271	0.03046462193
3272	0.03046420145
3273	0.03046008952
3274	0.03046219492
3275	0.03045186911
3276	0.03043204456
3277	0.03043241815
3278	0.03043059535
3279	0.03043017852
3280	0.03043058707
3281	0.03043103491
3282	0.030431233
3283	0.03042760615
3284	0.03041757374
3285	0.03041066749
3286	0.03040145871
3287	0.03040127243
3288	0.0303994171
3289	0.03039888741
3290	0.03039714713
3291	0.03039709095
3292	0.03039593022
3293	0.03039544364
3294	0.03036216909
3295	0.03036125632
3296	0.0303573602
3297	0.03035654558
3298	0.03035530968
3299	0.03035422674
3300	0.03034646579
3301	0.03033909341
3302	0.03033749445
3303	0.03032325425
3304	0.03031946069
3305	0.03030592421
3306	0.03029259182
3307	0.03028574305
3308	0.03028519148
3309	0.0302788573
3310	0.03027856672
3311	0.03027383513
3312	0.03026780453
3313	0.03025497742
3314	0.03024962884
3315	0.030239012
3316	0.03023842109
3317	0.03022666296
3318	0.03022622586
3319	0.03022560348
3320	0.0302173048
3321	0.03020743717
3322	0.0301990351
3323	0.03019163481
3324	0.03014048358
3325	0.03012909926
3326	0.03012856661
3327	0.03012806393
3328	0.030127593
3329	0.03008142725
3330	0.03007751625
3331	0.03007191346
3332	0.03000070221
3333	0.02999739823
3334	0.0299848543
3335	0.02998321108
3336	0.02991410469
3337	0.02991022207
3338	0.02990226057
3339	0.0299017472
3340	0.02990133303
3341	0.02990072748
3342	0.02990035013
3343	0.02989913283
3344	0.02989951022
3345	0.02989903187
3346	0.02988704132
3347	0.02988663717
3348	0.02987050448
3349	0.0298660424
3350	0.02986533772
3351	0.02986515568
3352	0.0298645916
3353	0.0298643799
3354	0.02986399313
3355	0.02986438334
3356	0.0298639034
3357	0.02986235736
3358	0.02986166853
3359	0.0298610577
3360	0.02986042683
3361	0.02985942015
3362	0.02985863705
3363	0.02985835586
3364	0.02985876239
3365	0.02985816702
3366	0.02985264098
3367	0.02985238452
3368	0.02985279942
3369	0.02985316645
3370	0.02984867819
3371	0.02984832185
3372	0.02984780601
3373	0.02984816998
3374	0.02984774006
3375	0.02984815895
3376	0.02984856225
3377	0.0298484789
3378	0.02984840582
3379	0.02984835006
3380	0.02984796223
3381	0.02984762765
3382	0.02984758725
3383	0.02984713993
3384	0.02984670122
3385	0.0298469179
3386	0.02984461589
3387	0.02984484859
3388	0.02984268643
3389	0.02984258812
3390	0.02984068146
3391	0.02983741096
3392	0.02983707333
3393	0.02983680706
3394	0.02983641421
3395	0.02983598176
3396	0.02978842829
3397	0.02978824592
3398	0.02978822487
3399	0.02978799682
3400	0.02978780698
3401	0.02977843548
3402	0.02977821278
3403	0.02977788352
3404	0.02976924008
3405	0.02976890474
3406	0.02976915025
3407	0.02972365733
3408	0.02972270916
3409	0.02972147156
3410	0.02971925585
3411	0.02971907696
3412	0.02971837308
3413	0.02971772598
3414	0.02971712141
3415	0.02971667494
3416	0.02971434257
3417	0.02971355742
3418	0.02971349614
3419	0.02971308198
3420	0.02971254343
3421	0.02971248628
3422	0.02971223028
3423	0.02971041019
3424	0.02970880218
3425	0.02970830558
3426	0.02970796306
3427	0.02966250228
3428	0.02965822935
3429	0.02965802394
3430	0.02965896346
3431	0.02965376447
3432	0.02965328101
3433	0.02964188355
3434	0.02964127799
3435	0.02964071191
3436	0.02964017757
3437	0.0296395316
3438	0.02963935235
3439	0.02963733768
3440	0.02962934684
3441	0.02962566422
3442	0.02961689664
3443	0.02961589178
3444	0.02961567922
3445	0.02961240068
3446	0.02961092405
3447	0.02960516451
3448	0.02960466069
3449	0.02960428383
3450	0.02955686902
3451	0.02954956575
3452	0.02954705805
3453	0.02953748631
3454	0.02952937371
3455	0.02952860176
3456	0.02951932689
3457	0.02951923661
3458	0.02951378129
3459	0.02951268204
3460	0.02951131914
3461	0.02950411917
3462	0.02950386809
3463	0.02949697957
3464	0.02949659716
3465	0.0294880339
3466	0.02948701262
3467	0.02948620305
3468	0.02948596387
3469	0.02947935477
3470	0.02947753783
3471	0.02947728229
3472	0.02947102769
3473	0.02947080167
3474	0.02947003914
3475	0.02946983419
3476	0.02946968735
3477	0.02946811391
3478	0.0294516192
3479	0.02945142453
3480	0.02945034722
3481	0.02945016358
3482	0.02944712136
3483	0.02944118646
3484	0.02944100928
3485	0.02943870693
3486	0.02943786729
3487	0.02943770224
3488	0.02943677248
3489	0.02941937392
3490	0.02941705893
3491	0.02941689361
3492	0.02941627858
3493	0.02941601833
3494	0.02941565493
3495	0.02941531527
3496	0.02941518257
3497	0.02941514079
3498	0.02941487419
3499	0.02941473164
3500	0.02941461697
3501	0.0294143476
3502	0.02941466329
3503	0.029414149
3504	0.02941370428
3505	0.02941410551
3506	0.02940897387
3507	0.02940504094
3508	0.02940441787
3509	0.02940394627
3510	0.02939731482
3511	0.02939674276
3512	0.02939365887
3513	0.02939326192
3514	0.02939281671
3515	0.02939223996
3516	0.02938170295
3517	0.02938107503
3518	0.02937987652
3519	0.02937921822
3520	0.02936835592
3521	0.02936717706
3522	0.02935276563
3523	0.02934567994
3524	0.02934331937
3525	0.02934055084
3526	0.02933464518
3527	0.02933541425
3528	0.02933352654
3529	0.02932222974
3530	0.02932218399
3531	0.02932216779
3532	0.0293217128
3533	0.02932117188
3534	0.02930159826
3535	0.02930129326
3536	0.02930137212
3537	0.02928910492
3538	0.02928921235
3539	0.02928824784
3540	0.02928844874
3541	0.02924820569
3542	0.02924417629
3543	0.02923221617
3544	0.02922844506
3545	0.02922828887
3546	0.02922691528
3547	0.02922540722
3548	0.02922478034
3549	0.02922428305
3550	0.0292241092
3551	0.02922352958
3552	0.02922336292
3553	0.02922293333
3554	0.02922282308
3555	0.02922028695
3556	0.02922020249
3557	0.0292199736
3558	0.02922017783
3559	0.02921986801
3560	0.02921883218
3561	0.02921868238
3562	0.02921860857
3563	0.02921844869
3564	0.02921626881
3565	0.02921644768
3566	0.02920983441
3567	0.02920940227
3568	0.02920926153
3569	0.02920910374
3570	0.02920811651
3571	0.02920724095
3572	0.02920710711
3573	0.029206676
3574	0.02920581811
3575	0.02920549171
3576	0.02920468296
3577	0.02919604185
3578	0.02919571411
3579	0.02919541882
3580	0.02919548773
3581	0.02919007844
3582	0.02918790822
3583	0.02918763739
3584	0.0291871993
3585	0.02918696111
3586	0.02918644975
3587	0.02918637742
3588	0.02914565679
3589	0.02914388895
3590	0.02914182618
3591	0.02914171342
3592	0.02913976713
3593	0.02913934194
3594	0.02913889817
3595	0.02913864553
3596	0.02913728833
3597	0.02913576342
3598	0.0291370942
3599	0.02913550258
3600	0.02913389812
3601	0.02913243967
3602	0.02912916137
3603	0.02912951835
3604	0.0291255489
3605	0.02912591006
3606	0.02911919406
3607	0.02911957297
3608	0.02911929636
3609	0.02911905107
3610	0.02911593234
3611	0.0291126349
3612	0.02910706061
3613	0.02910581176
3614	0.02910425083
3615	0.02910134256
3616	0.02909660473
3617	0.02909525669
3618	0.02909563221
3619	0.02909538429
3620	0.02908620447
3621	0.02908659046
3622	0.02908523145
3623	0.02908226873
3624	0.02908281293
3625	0.02908419257
3626	0.02907628036
3627	0.02907480858
3628	0.02906610999
3629	0.02906586972
3630	0.02906527578
3631	0.02906499159
3632	0.02906448503
3633	0.02906336036
3634	0.02906111287
3635	0.02905973249
3636	0.02902215327
3637	0.02902164517
3638	0.02902214355
3639	0.02902003675
3640	0.02901728706
3641	0.02901712828
3642	0.02901787607
3643	0.02900202668
3644	0.02899503972
3645	0.02899248233
3646	0.02898918517
3647	0.02898862236
3648	0.02898555749
3649	0.02898298788
3650	0.02898248948
3651	0.02898192058
3652	0.02898093104
3653	0.02898083481
3654	0.02894454863
3655	0.02894348544
3656	0.02894303827
3657	0.0289425887
3658	0.02892792418
3659	0.02890879779
3660	0.02890694761
3661	0.02890678351
3662	0.02890608099
3663	0.02890383494
3664	0.0289036281
3665	0.0289029329
3666	0.02890119631
3667	0.02890088533
3668	0.02890042484
3669	0.02890021598
3670	0.02889977805
3671	0.02889922433
3672	0.0288988615
3673	0.02889069773
3674	0.02889026345
3675	0.02888935948
3676	0.0288888867
3677	0.02887068773
3678	0.02884931181
3679	0.02884917204
3680	0.02884864011
3681	0.02884815967
3682	0.02884746853
3683	0.02884685937
3684	0.02884367932
3685	0.02884009138
3686	0.02883705069
3687	0.02880236914
3688	0.02880182662
3689	0.02880141514
3690	0.02879840665
3691	0.02879418793
3692	0.02879134469
3693	0.02879035955
3694	0.02878998682
3695	0.02878930523
3696	0.02878902998
3697	0.02878738252
3698	0.02877695343
3699	0.02877603519
3700	0.02877289168
3701	0.02877254715
3702	0.02877117743
3703	0.02876895901
3704	0.02876768638
3705	0.02876144993
3706	0.02875540691
3707	0.02875507174
3708	0.02875401858
3709	0.02875392507
3710	0.02875292352
3711	0.02875253354
3712	0.02875170089
3713	0.02875129204
3714	0.02875018309
3715	0.02874807311
3716	0.02874349428
3717	0.02874318885
3718	0.02874264159
3719	0.02874241345
3720	0.02874037109
3721	0.02873835092
3722	0.02873731152
3723	0.02873052807
3724	0.02873029342
3725	0.02873024884
3726	0.02872684642
3727	0.02872265621
3728	0.02872080966
3729	0.02871901915
3730	0.0287178137
3731	0.02871656729
3732	0.02871578882
3733	0.02871123477
3734	0.02870840942
3735	0.02870193558
3736	0.02869146198
3737	0.02869025238
3738	0.02868713433
3739	0.02868143337
3740	0.02867576117
3741	0.02866994922
3742	0.02862419007
3743	0.02861891296
3744	0.02861932487
3745	0.02860967574
3746	0.0286105912
3747	0.02861042943
3748	0.02861173061
3749	0.02861158235
3750	0.02861125506
3751	0.0286121939
3752	0.02861184103
3753	0.0286117373
3754	0.02861155371
3755	0.028610921
3756	0.02861061469
3757	0.02861010173
3758	0.02860997969
3759	0.02860975539
3760	0.02860899976
3761	0.02860801501
3762	0.02860790228
3763	0.02860760197
3764	0.02860719456
3765	0.02860698157
3766	0.0286062982
3767	0.02860775307
3768	0.02860685156
3769	0.02860678801
3770	0.02860660252
3771	0.02860631421
3772	0.02860619724
3773	0.02860607321
3774	0.02860573983
3775	0.02860489678
3776	0.02860786343
3777	0.02860775897
3778	0.02860727517
3779	0.02860706091
3780	0.02860696576
3781	0.02860617751
3782	0.02860718761
3783	0.02860684442
3784	0.02860631218
3785	0.02860446796
3786	0.02860414716
3787	0.0286040406
3788	0.02860364362
3789	0.02859830908
3790	0.0285982001
3791	0.02859782331
3792	0.02859474685
3793	0.02859336603
3794	0.02859327882
3795	0.02859243821
3796	0.02859119294
3797	0.028590607
3798	0.02859045949
3799	0.02858847058
3800	0.02858737415
3801	0.02858420796
3802	0.02858297488
3803	0.02858014955
3804	0.02857974994
3805	0.02857115316
3806	0.02856393254
3807	0.02856155966
3808	0.02854847315
3809	0.02854793817
3810	0.02848655188
3811	0.02848601081
3812	0.02848537198
3813	0.02848486508
3814	0.02846848331
3815	0.02846611253
3816	0.02846552173
3817	0.02846526808
3818	0.028465036
3819	0.02846482284
3820	0.02846424441
3821	0.02846370376
3822	0.02843303877
3823	0.0284328703
3824	0.02843268014
3825	0.02843158337
3826	0.02843149358
3827	0.02839686547
3828	0.02839433552
3829	0.02836097929
3830	0.02835726712
3831	0.02835610044
3832	0.02835501785
3833	0.02835299156
3834	0.02835298373
3835	0.02832069273
3836	0.02832078917
3837	0.02831177227
3838	0.02830303907
3839	0.02830294513
3840	0.02829963825
3841	0.02826872633
3842	0.02826713588
3843	0.02826682625
3844	0.02826653163
3845	0.02824478198
3846	0.02824451114
3847	0.02823904957
3848	0.02823873735
3849	0.02816194885
3850	0.02815285818
3851	0.02811951394
3852	0.02808730646
3853	0.02805694383
3854	0.027980161
3855	0.02790836999
3856	0.02785001755
3857	0.02783687874
3858	0.02783653763
3859	0.02776031014
3860	0.02772957573
3861	0.0277010356
3862	0.02765986306
3863	0.02761349267
3864	0.02761167985
3865	0.02760383521
3866	0.02760335772
3867	0.02760142388
3868	0.02759805303
3869	0.02759760177
3870	0.02758726065
3871	0.02758681112
3872	0.0275853419
3873	0.02758031081
3874	0.02758001537
3875	0.02757973961
3876	0.0275789817
3877	0.02757696342
3878	0.02752222728
3879	0.02751359718
3880	0.02751329776
3881	0.02748927517
3882	0.02748195881
3883	0.02746253987
3884	0.02744387522
3885	0.02742576707
3886	0.02742535035
3887	0.02742497643
3888	0.02742433001
3889	0.02742468973
3890	0.02742506676
3891	0.02742024273
3892	0.02741993524
3893	0.02741970525
3894	0.02738349959
3895	0.02734007581
3896	0.02733170754
3897	0.02732933401
3898	0.02732908271
3899	0.02729035931
3900	0.02728577079
3901	0.02726200243
3902	0.02725879305
3903	0.02724067224
3904	0.02723983859
3905	0.0272395636
3906	0.02723942165
3907	0.02723656942
3908	0.02723634974
3909	0.02723595092
3910	0.02721107057
3911	0.02720962506
3912	0.02720929402
3913	0.02720817164
3914	0.02720801788
3915	0.02720810174
3916	0.02719967934
3917	0.02719872327
3918	0.02719754565
3919	0.02715927463
3920	0.02711792796
3921	0.02711742074
3922	0.02707363927
3923	0.0270740402
3924	0.02702309625
3925	0.02699803867
3926	0.02695565797
3927	0.02694718811
3928	0.02690783043
3929	0.02689389435
3930	0.02682339234
3931	0.02678596118
3932	0.0267582517
3933	0.0267579907
3934	0.02672597017
3935	0.02672466059
3936	0.0267222207
3937	0.02672191221
3938	0.02671948044
3939	0.02667048123
3940	0.02663040288
3941	0.02658044152
3942	0.02655403923
3943	0.0265077898
3944	0.02646234637
3945	0.02641291318
3946	0.02638894207
3947	0.02634693022
3948	0.02634651427
3949	0.02631496216
3950	0.02627965225
3951	0.02627918432
3952	0.02624496427
3953	0.02620130805
3954	0.02616683177
3955	0.02612469547
3956	0.0261030212
3957	0.02605660277
3958	0.02601614652
3959	0.02599140856
3960	0.02599019788
3961	0.02595912965
3962	0.02595861246
3963	0.02595350401
3964	0.02594625306
3965	0.02594394962
3966	0.02594386807
3967	0.02594293206
3968	0.02592946266
3969	0.02592627489
3970	0.0259261484
3971	0.02592131306
3972	0.02591835395
3973	0.02591338361
3974	0.02588409148
3975	0.02585334162
3976	0.02581262916
3977	0.02579811447
3978	0.02579796459
3979	0.02579157804
3980	0.02579149307
3981	0.02574749221
3982	0.02574422508
3983	0.02572885194
3984	0.02569606451
3985	0.02569523318
3986	0.02569487135
3987	0.0256807851
3988	0.02566691493
3989	0.02564809869
3990	0.02564166004
3991	0.02561176343
3992	0.02560881832
3993	0.02556527692
3994	0.02555298803
3995	0.02553752026
3996	0.02552518492
3997	0.02551378891
3998	0.02549269481
3999	0.02549195475
4000	0.02548072322
4001	0.02547970871
4002	0.02547498153
4003	0.02547433986
4004	0.0254736442
4005	0.02547292423
4006	0.02547232965
4007	0.02547149647
4008	0.02547092668
4009	0.02547039322
4010	0.02547003182
4011	0.02546722254
4012	0.02545649094
4013	0.02545580155
4014	0.02545588403
4015	0.02545210045
4016	0.0254520122
4017	0.02545163515
4018	0.02545117966
4019	0.0254493023
4020	0.02544891976
4021	0.02544872924
4022	0.02544604413
4023	0.02544671478
4024	0.02544741406
4025	0.02544655694
4026	0.02544639554
4027	0.02544334133
4028	0.02543351408
4029	0.02542732578
4030	0.02542660238
4031	0.02542368617
4032	0.02542329711
4033	0.0254220084
4034	0.02541770037
4035	0.02541685599
4036	0.02540065931
4037	0.02538901467
4038	0.02538835189
4039	0.02538442423
4040	0.02537830192
4041	0.02537481321
4042	0.0253695387
4043	0.02536353602
4044	0.02532448549
4045	0.0252953662
4046	0.02529472609
4047	0.02528823421
4048	0.02527817354
4049	0.02524602486
4050	0.02522560458
4051	0.02522551622
4052	0.02520902294
4053	0.02520842133
4054	0.02519739222
4055	0.02519395645
4056	0.0251920564
4057	0.02519144074
4058	0.02519026152
4059	0.02518975252
4060	0.02516313589
4061	0.02515151861
4062	0.02514312654
4063	0.02513239921
4064	0.02512960977
4065	0.02512851873
4066	0.02512839585
4067	0.02512573318
4068	0.02511570679
4069	0.02511533388
4070	0.02511499933
4071	0.02511019357
4072	0.02511008551
4073	0.02510985741
4074	0.02510949984
4075	0.025096257
4076	0.02506728934
4077	0.02506228214
4078	0.02506203593
4079	0.02506216995
4080	0.0250317183
4081	0.02502198271
4082	0.02502213896
4083	0.02499613068
4084	0.024984383
4085	0.02498452875
4086	0.02494795056
4087	0.02494278385
4088	0.02493058185
4089	0.02490417236
4090	0.02490400766
4091	0.02490344465
4092	0.02490330889
4093	0.02489673893
4094	0.02487354347
4095	0.02486245203
4096	0.02486057675
4097	0.02485540753
4098	0.02485107552
4099	0.02484288645
4100	0.02479909953
4101	0.0247772979
4102	0.02477640499
4103	0.02477590934
4104	0.02477178108
4105	0.02476333661
4106	0.02476288491
4107	0.02475436221
4108	0.02475319919
4109	0.02475186951
4110	0.02475114696
4111	0.02475021478
4112	0.02474975911
4113	0.02474995598
4114	0.02474896865
4115	0.02474742406
4116	0.0247470492
4117	0.02472231193
4118	0.02471463303
4119	0.02471342286
4120	0.02470602445
4121	0.02469164107
4122	0.02469211746
4123	0.02469140814
4124	0.02469106495
4125	0.02469058427
4126	0.02469039641
4127	0.02469025206
4128	0.02468903475
4129	0.02468906414
4130	0.02468956132
4131	0.0246896906
4132	0.02468982576
4133	0.02468997014
4134	0.02468995593
4135	0.02468947087
4136	0.0246817208
4137	0.02468179369
4138	0.02467440276
4139	0.02467408243
4140	0.02467412864
4141	0.02467444788
4142	0.024672379
4143	0.02467210226
4144	0.02467017641
4145	0.02466949836
4146	0.02466925805
4147	0.02466709687
4148	0.02466467109
4149	0.02466363036
4150	0.02466320029
4151	0.02466116718
4152	0.02466007959
4153	0.02466026911
4154	0.02465220902
4155	0.02465187142
4156	0.02465083775
4157	0.02465043988
4158	0.02463693659
4159	0.02463678847
4160	0.02463651537
4161	0.02463557524
4162	0.02463537134
4163	0.02463522957
4164	0.02463529865
4165	0.02463181322
4166	0.02463156281
4167	0.02462942323
4168	0.02462914242
4169	0.02462890255
4170	0.02462747909
4171	0.02462682115
4172	0.02462629982
4173	0.02462609161
4174	0.02462579148
4175	0.02462570741
4176	0.02462494997
4177	0.02462419385
4178	0.02462357836
4179	0.02462114706
4180	0.02462112732
4181	0.02461823493
4182	0.02461758769
4183	0.02461718536
4184	0.02461186926
4185	0.02461122271
4186	0.02461067975
4187	0.02461035543
4188	0.02460981414
4189	0.02460838013
4190	0.02460361388
4191	0.02460110399
4192	0.0245996145
4193	0.02459704269
4194	0.02458800095
4195	0.02458661124
4196	0.02458620959
4197	0.02458568532
4198	0.0245840984
4199	0.02458391542
4200	0.02458381737
4201	0.02458333071
4202	0.02458354607
4203	0.02458268998
4204	0.02458120421
4205	0.0245811378
4206	0.02455159485
4207	0.02455080951
4208	0.02455036261
4209	0.02454969359
4210	0.02454495751
4211	0.02454477559
4212	0.02454403706
4213	0.02453878153
4214	0.02453845492
4215	0.02453827632
4216	0.02453775288
4217	0.02453744587
4218	0.02453698268
4219	0.02453599794
4220	0.02453582756
4221	0.02453568455
4222	0.0245339522
4223	0.02453348759
4224	0.02453347702
4225	0.0245053071
4226	0.02450487181
4227	0.02450264781
4228	0.02450255059
4229	0.02450222936
4230	0.02450225179
4231	0.02450200191
4232	0.02450155301
4233	0.02449721743
4234	0.02449736073
4235	0.02449761057
4236	0.024491914
4237	0.02449182692
4238	0.02449137493
4239	0.02449125016
4240	0.02449158705
4241	0.02448909309
4242	0.02448795966
4243	0.0244828865
4244	0.02448235011
4245	0.02448198573
4246	0.02448164473
4247	0.02448153181
4248	0.02448188183
4249	0.02448155218
4250	0.02447742559
4251	0.02447714587
4252	0.02447674821
4253	0.02447644574
4254	0.02447637322
4255	0.02447608477
4256	0.02447566232
4257	0.02447464898
4258	0.02446131926
4259	0.02446113384
4260	0.02446054205
4261	0.02445939668
4262	0.02445892796
4263	0.02445879771
4264	0.02445849616
4265	0.02445793809
4266	0.02445775029
4267	0.02445744494
4268	0.02445700244
4269	0.02445687683
4270	0.02445653232
4271	0.02445617619
4272	0.02445562387
4273	0.02445502684
4274	0.02445493425
4275	0.02445473057
4276	0.02445448594
4277	0.02445402031
4278	0.02445298595
4279	0.02445247532
4280	0.0244525339
4281	0.02445183914
4282	0.02445039915
4283	0.02445007321
4284	0.0244494949
4285	0.02444921537
4286	0.02444871013
4287	0.02444674698
4288	0.02444629434
4289	0.02444589429
4290	0.02444545364
4291	0.02444509124
4292	0.02444183635
4293	0.02444182399
4294	0.0244418176
4295	0.02444186931
4296	0.02444186699
4297	0.02444168765
4298	0.02444169067
4299	0.02444105507
4300	0.02443529043
4301	0.0244300727
4302	0.02442994547
4303	0.02442557859
4304	0.02442490941
4305	0.02442479058
4306	0.02442466461
4307	0.02442017246
4308	0.02441995789
4309	0.02441875084
4310	0.02441841982
4311	0.02441779051
4312	0.02441355656
4313	0.02441299223
4314	0.02440802383
4315	0.02440559371
4316	0.02439802341
4317	0.02439594966
4318	0.02439177612
4319	0.02439101545
4320	0.02438374529
4321	0.02438351095
4322	0.02438318033
4323	0.02438285567
4324	0.02437899931
4325	0.02437728239
4326	0.02437695404
4327	0.02437669415
4328	0.02437205892
4329	0.02437067301
4330	0.02437030444
4331	0.02436659727
4332	0.02436617917
4333	0.0243618822
4334	0.02436026287
4335	0.02435511768
4336	0.02435408789
4337	0.02434144881
4338	0.02433322475
4339	0.02433148587
4340	0.02432649282
4341	0.02432210442
4342	0.02432175537
4343	0.02432164391
4344	0.02432139708
4345	0.02432114686
4346	0.02432091568
4347	0.02432083097
4348	0.02432062511
4349	0.024321768
4350	0.0243230243
4351	0.02432284976
4352	0.02432271907
4353	0.02432250569
4354	0.024322397
4355	0.02431826791
4356	0.0243181717
4357	0.02431734764
4358	0.02431314848
4359	0.02430641918
4360	0.02430572
4361	0.02430550727
4362	0.02430527703
4363	0.02430499892
4364	0.02430406378
4365	0.02430361459
4366	0.02430343018
4367	0.02429084523
4368	0.02429029461
4369	0.02429035312
4370	0.0242782355
4371	0.02427421518
4372	0.02426959997
4373	0.0242657911
4374	0.02426246784
4375	0.02426073365
4376	0.02426026868
4377	0.02425962744
4378	0.02425959117
4379	0.02425901097
4380	0.02425769194
4381	0.02425709512
4382	0.02425672702
4383	0.02425617164
4384	0.02425495828
4385	0.02425072554
4386	0.02425034135
4387	0.02424942131
4388	0.02424911644
4389	0.02424913379
4390	0.02424829245
4391	0.02424715548
4392	0.02424673598
4393	0.02424694456
4394	0.0242407294
4395	0.02423993363
4396	0.02423961252
4397	0.02423996548
4398	0.02423853009
4399	0.02423896979
4400	0.02423750217
4401	0.02423096335
4402	0.02422981378
4403	0.0242284904
4404	0.02422836827
4405	0.0242264282
4406	0.0242261903
4407	0.02422577068
4408	0.0242257001
4409	0.02422340627
4410	0.0242212663
4411	0.02421774381
4412	0.02421649341
4413	0.0242150808
4414	0.02420576698
4415	0.02420553817
4416	0.02420532978
4417	0.02420517893
4418	0.02420500133
4419	0.02420482332
4420	0.02420468222
4421	0.02420451532
4422	0.02420436397
4423	0.02420400527
4424	0.02420300987
4425	0.02420151911
4426	0.02420134534
4427	0.02420094408
4428	0.02420084179
4429	0.02420040109
4430	0.0242003012
4431	0.02420022872
4432	0.02420010249
4433	0.02419985982
4434	0.02419974491
4435	0.02419931314
4436	0.02419501908
4437	0.02419492625
4438	0.0241941724
4439	0.02419378832
4440	0.02419334477
4441	0.02419249681
4442	0.0241922877
4443	0.02418862582
4444	0.0241879405
4445	0.02418776642
4446	0.02418730096
4447	0.02417856774
4448	0.02417110148
4449	0.02417054967
4450	0.024170168
4451	0.02416964475
4452	0.02416910272
4453	0.02416779025
4454	0.02416746883
4455	0.02416708654
4456	0.02416332823
4457	0.02416054989
4458	0.02415929508
4459	0.02415899465
4460	0.02415858434
4461	0.0241581277
4462	0.02415803217
4463	0.02415555186
4464	0.02415545869
4465	0.02415412502
4466	0.02415236331
4467	0.02415220897
4468	0.02415022594
4469	0.02415009015
4470	0.02414178871
4471	0.02414163387
4472	0.02414156887
4473	0.02414151425
4474	0.02414117876
4475	0.02414079891
4476	0.02414068363
4477	0.02414061732
4478	0.02414043702
4479	0.02414047125
4480	0.02414051318
4481	0.02414056969
4482	0.0241406265
4483	0.02413838821
4484	0.02413841123
4485	0.02413843985
4486	0.02412573408
4487	0.02412547921
4488	0.02412477268
4489	0.0241245284
4490	0.02412106109
4491	0.02412038297
4492	0.02412033361
4493	0.02412051295
4494	0.02412007665
4495	0.02412028182
4496	0.02411958247
4497	0.02411951432
4498	0.02411691234
4499	0.02411653494
4500	0.02411546245
4501	0.02411246153
4502	0.02411247866
4503	0.02411249967
4504	0.02411252925
4505	0.02411271008
4506	0.02411255805
4507	0.02411205229
4508	0.02411194899
4509	0.02410671546
4510	0.0241025745
4511	0.02410242607
4512	0.02410230057
4513	0.0241019071
4514	0.02410162751
4515	0.02410141928
4516	0.02410093573
4517	0.02409273569
4518	0.02409262727
4519	0.02409250004
4520	0.02409239917
4521	0.02409216201
4522	0.0240920411
4523	0.02409123871
4524	0.02409121079
4525	0.02409097691
4526	0.0240908663
4527	0.02409056088
4528	0.02409016862
4529	0.02408973774
4530	0.02408930675
4531	0.02408873268
4532	0.02408832613
4533	0.02408806854
4534	0.02408740107
4535	0.02408613621
4536	0.02405937532
4537	0.024059251
4538	0.02405911989
4539	0.02405888495
4540	0.02405881678
4541	0.02405859159
4542	0.0240582637
4543	0.02405289588
4544	0.02405280876
4545	0.02405259619
4546	0.02404365109
4547	0.02402688117
4548	0.02402636832
4549	0.02402580947
4550	0.02401227943
4551	0.02401145536
4552	0.02401113233
4553	0.02398569861
4554	0.0239800831
4555	0.02397694342
4556	0.02397562572
4557	0.0239757459
4558	0.02397540723
4559	0.02397518475
4560	0.02397513773
4561	0.02397493798
4562	0.02397460318
4563	0.02397297935
4564	0.02397290002
4565	0.02397159998
4566	0.0239712268
4567	0.02396311919
4568	0.02396287322
4569	0.02394508718
4570	0.02394356282
4571	0.02393972502
4572	0.02393951381
4573	0.0239305934
4574	0.02393029694
4575	0.02392954703
4576	0.02392916678
4577	0.02392750976
4578	0.02392685102
4579	0.02392329194
4580	0.0239230857
4581	0.02392287071
4582	0.0239213762
4583	0.02391979492
4584	0.02391799002
4585	0.02391772843
4586	0.02391753577
4587	0.02391370969
4588	0.02391358607
4589	0.02391337284
4590	0.0239126543
4591	0.02391183742
4592	0.02391172782
4593	0.02391105345
4594	0.02391087087
4595	0.02391057406
4596	0.02391043434
4597	0.02391024028
4598	0.0239101309
4599	0.02390864706
4600	0.02390877624
4601	0.02390788555
4602	0.02390736619
4603	0.02390703135
4604	0.0239067329
4605	0.02390648259
4606	0.02390618592
4607	0.0239059017
4608	0.02390563247
4609	0.02390555308
4610	0.02390529827
4611	0.0239051903
4612	0.02390509286
4613	0.02390489462
4614	0.0239050327
4615	0.0239039757
4616	0.02390358174
4617	0.02390335227
4618	0.02390284508
4619	0.02390270983
4620	0.02390252546
4621	0.02390216835
4622	0.02390176289
4623	0.02390156873
4624	0.0239013813
4625	0.02390130638
4626	0.02390097053
4627	0.0239006384
4628	0.02390040179
4629	0.02390024171
4630	0.02390004888
4631	0.0238998484
4632	0.0238996214
4633	0.02389947008
4634	0.02389073633
4635	0.02389042037
4636	0.02388959448
4637	0.02388158087
4638	0.02388086697
4639	0.02388041244
4640	0.02388012844
4641	0.02387986434
4642	0.02387937914
4643	0.0238790183
4644	0.02387836422
4645	0.02385996218
4646	0.02385958661
4647	0.02385936046
4648	0.02385915806
4649	0.02385894592
4650	0.02385863123
4651	0.0238583662
4652	0.02385819309
4653	0.02385680876
4654	0.02385657274
4655	0.02385644766
4656	0.02385611968
4657	0.02385527463
4658	0.02385498586
4659	0.02385483157
4660	0.02385454384
4661	0.02385387812
4662	0.02385309514
4663	0.02385282712
4664	0.02385269328
4665	0.02385251499
4666	0.0238517522
4667	0.02385053425
4668	0.02385019415
4669	0.02384862431
4670	0.02384196777
4671	0.02384122332
4672	0.02384035771
4673	0.02383998044
4674	0.02383915069
4675	0.02383817098
4676	0.02383739579
4677	0.02383684829
4678	0.02383669943
4679	0.02383634884
4680	0.0238358417
4681	0.02383548374
4682	0.02383495083
4683	0.02383479431
4684	0.02383474433
4685	0.02383451297
4686	0.02383423869
4687	0.02383413716
4688	0.02383403438
4689	0.02383394462
4690	0.02383387946
4691	0.02383381322
4692	0.02383375399
4693	0.02383316201
4694	0.02383282653
4695	0.02383251166
4696	0.02383224816
4697	0.02383215456
4698	0.02383183442
4699	0.02383142008
4700	0.02383124679
4701	0.02383094392
4702	0.02383054577
4703	0.02383066882
4704	0.02380613934
4705	0.02380516046
4706	0.02380424002
4707	0.02380399821
4708	0.02380313264
4709	0.02380236011
4710	0.02380205354
4711	0.02380187203
4712	0.02378897482
4713	0.02378838643
4714	0.02378819642
4715	0.02378803513
4716	0.02375721539
4717	0.02375701335
4718	0.02375687548
4719	0.02375594105
4720	0.02375571627
4721	0.0237546323
4722	0.02375379539
4723	0.0237536323
4724	0.02375361728
4725	0.02375349013
4726	0.02375277555
4727	0.0237526801
4728	0.02375265322
4729	0.02375243965
4730	0.02374852918
4731	0.02374688017
4732	0.02374605772
4733	0.02373010496
4734	0.02372780471
4735	0.0237265354
4736	0.02372647738
4737	0.02372641282
4738	0.02372575858
4739	0.02372571174
4740	0.02372218321
4741	0.02372120007
4742	0.02371260192
4743	0.02370818129
4744	0.02370594052
4745	0.02370557678
4746	0.02369797254
4747	0.02369733159
4748	0.02367222403
4749	0.02364796309
4750	0.02364783111
4751	0.02362437089
4752	0.02362137705
4753	0.0236179482
4754	0.02361741823
4755	0.02361728581
4756	0.02361681476
4757	0.02360745082
4758	0.02360722661
4759	0.02360710125
4760	0.02360431879
4761	0.02359704069
4762	0.0235969275
4763	0.02359677424
4764	0.02359596016
4765	0.0235952268
4766	0.02359468019
4767	0.02359012925
4768	0.02358991249
4769	0.02358834757
4770	0.02358820226
4771	0.02358799174
4772	0.02358631035
4773	0.02357811117
4774	0.02357626788
4775	0.02357495435
4776	0.02357125684
4777	0.02356782909
4778	0.02356668118
4779	0.02356606296
4780	0.02356556586
4781	0.02356402105
4782	0.02355914616
4783	0.02355907601
4784	0.02355523159
4785	0.02355428079
4786	0.02355285427
4787	0.02354786471
4788	0.02354752778
4789	0.02354705441
4790	0.02354372844
4791	0.02354089645
4792	0.02354069632
4793	0.02354008817
4794	0.02353827795
4795	0.02353244522
4796	0.02352300437
4797	0.02352236282
4798	0.02352190732
4799	0.02352147255
4800	0.02352025492
4801	0.02351936816
4802	0.02351364954
4803	0.02350206192
4804	0.02350186239
4805	0.02350165446
4806	0.02350146251
4807	0.02350119475
4808	0.02350051234
4809	0.02350009234
4810	0.02350003018
4811	0.02349961535
4812	0.02349922145
4813	0.02349818811
4814	0.02349810927
4815	0.0234976247
4816	0.02349738795
4817	0.02349349241
4818	0.02349302413
4819	0.02349297863
4820	0.0234922073
4821	0.02349208994
4822	0.02349181807
4823	0.02349131614
4824	0.0234900915
4825	0.02347922229
4826	0.02347898027
4827	0.02347850417
4828	0.02347733794
4829	0.02347716359
4830	0.02347659173
4831	0.02347556047
4832	0.02347440493
4833	0.02347346525
4834	0.02347273987
4835	0.02347269342
4836	0.02347268795
4837	0.02347254733
4838	0.02347252331
4839	0.02347249958
4840	0.02347234826
4841	0.02347153212
4842	0.02347151296
4843	0.02347153618
4844	0.02347103937
4845	0.0234709338
4846	0.02346127167
4847	0.02345675242
4848	0.02345645413
4849	0.02345586094
4850	0.02345402665
4851	0.02345389463
4852	0.02345348301
4853	0.02345236381
4854	0.02345222022
4855	0.02344368135
4856	0.02344365051
4857	0.02344338561
4858	0.02344302081
4859	0.02344262914
4860	0.02344244582
4861	0.02344208008
4862	0.02344202813
4863	0.0234418913
4864	0.02344091555
4865	0.02344079999
4866	0.02344044577
4867	0.0234404026
4868	0.02343955074
4869	0.02343894934
4870	0.02343804455
4871	0.02343791372
4872	0.0234376441
4873	0.02343702063
4874	0.02343638041
4875	0.02343627405
4876	0.02343628428
4877	0.02343226165
4878	0.02343223057
4879	0.02343217604
4880	0.02343212907
4881	0.02343203203
4882	0.02343196892
4883	0.0234318804
4884	0.02343223204
4885	0.02343141692
4886	0.02342677531
4887	0.02341755863
4888	0.0234173715
4889	0.02341559345
4890	0.02341539702
4891	0.02341520986
4892	0.02341501556
4893	0.02341421862
4894	0.02341286862
4895	0.02341270452
4896	0.02341280222
4897	0.02340836651
4898	0.02340801503
4899	0.02340785275
4900	0.02340764771
4901	0.02340727926
4902	0.0234070507
4903	0.02340683899
4904	0.02340551043
4905	0.02340540809
4906	0.02340526494
4907	0.02340108716
4908	0.02340094525
4909	0.02340081354
4910	0.0234008318
4911	0.02339254339
4912	0.02339330169
4913	0.02339297804
4914	0.02339272428
4915	0.0233933708
4916	0.0233930995
4917	0.0233886642
4918	0.02338869563
4919	0.02338462825
4920	0.02338407266
4921	0.02337632521
4922	0.02337461763
4923	0.02337444535
4924	0.02337403068
4925	0.02337371593
4926	0.02337112999
4927	0.02337109899
4928	0.02337121298
4929	0.02337084885
4930	0.02337046248
4931	0.02337029718
4932	0.02336969171
4933	0.02336959353
4934	0.02336927587
4935	0.02336067367
4936	0.02335913715
4937	0.0233588298
4938	0.02335773954
4939	0.02335758058
4940	0.02335702084
4941	0.02335670732
4942	0.0233558785
4943	0.0233532401
4944	0.02335269941
4945	0.02335218992
4946	0.02335188303
4947	0.02334942293
4948	0.02334856441
4949	0.02334821704
4950	0.02334720648
4951	0.02334698657
4952	0.02334672938
4953	0.02334630336
4954	0.02334474929
4955	0.02334367033
4956	0.02334337044
4957	0.0233428386
4958	0.023341102
4959	0.02333946634
4960	0.02333725739
4961	0.02333544332
4962	0.02333391623
4963	0.02333379449
4964	0.02333369767
4965	0.02333160075
4966	0.02333060286
4967	0.02333041462
4968	0.02332966438
4969	0.023328861
4970	0.02332862701
4971	0.02332466652
4972	0.02332329151
4973	0.02332288182
4974	0.02332258058
4975	0.02332226738
4976	0.0233219262
4977	0.02332183179
4978	0.02331977674
4979	0.02331244872
4980	0.0233117481
4981	0.02331023729
4982	0.02331002525
4983	0.02330963639
4984	0.02330829997
4985	0.02330805434
4986	0.02330786237
4987	0.02330765047
4988	0.02330728238
4989	0.02330510826
4990	0.02330500429
4991	0.02330480274
4992	0.02329868516
4993	0.02329837825
4994	0.02329617996
4995	0.02329550825
4996	0.02329542945
4997	0.02329538606
4998	0.02329511636
4999	0.02329376857
