steps,success,collided,spawn_rate,strategy,start_pos
251,False,False,0.01,uniform,"(1, 28)"
154,True,False,0.01,uniform,"(28, 1)"
251,False,False,0.01,uniform,"(28, 28)"
71,True,False,0.01,uniform,"(1, 28)"
144,True,False,0.01,uniform,"(28, 1)"
165,False,True,0.01,uniform,"(28, 28)"
251,False,False,0.01,uniform,"(1, 28)"
251,False,False,0.01,uniform,"(28, 1)"
251,False,False,0.01,uniform,"(28, 28)"
251,False,False,0.01,uniform,"(1, 28)"
251,False,False,0.01,uniform,"(28, 1)"
119,True,False,0.01,uniform,"(28, 28)"
251,False,False,0.01,uniform,"(1, 28)"
34,True,False,0.01,uniform,"(28, 1)"
251,False,False,0.01,uniform,"(28, 28)"
251,False,False,0.01,uniform,"(1, 28)"
251,False,False,0.01,uniform,"(28, 1)"
194,True,False,0.01,uniform,"(28, 28)"
251,False,False,0.01,uniform,"(1, 28)"
251,False,False,0.01,uniform,"(28, 1)"
229,True,False,0.01,uniform,"(28, 28)"
165,False,True,0.01,uniform,"(1, 28)"
231,True,False,0.01,uniform,"(28, 1)"
251,False,False,0.01,uniform,"(28, 28)"
251,False,False,0.01,uniform,"(1, 28)"
251,False,False,0.01,uniform,"(28, 1)"
248,False,True,0.01,uniform,"(28, 28)"
251,False,False,0.01,uniform,"(1, 28)"
251,False,False,0.01,uniform,"(28, 1)"
251,False,False,0.01,uniform,"(28, 28)"
251,False,False,0.01,uniform,"(1, 28)"
251,False,False,0.01,uniform,"(28, 1)"
251,False,False,0.01,uniform,"(28, 28)"
243,True,False,0.01,uniform,"(1, 28)"
251,False,False,0.01,uniform,"(28, 1)"
81,True,False,0.01,uniform,"(28, 28)"
247,True,False,0.01,uniform,"(1, 28)"
42,True,False,0.01,uniform,"(28, 1)"
251,False,False,0.01,uniform,"(28, 28)"
125,False,True,0.01,uniform,"(1, 28)"
204,False,True,0.01,uniform,"(28, 1)"
251,False,False,0.01,uniform,"(28, 28)"
182,False,True,0.01,uniform,"(1, 28)"
251,False,False,0.01,uniform,"(28, 1)"
251,False,False,0.01,uniform,"(28, 28)"
251,False,False,0.01,uniform,"(1, 28)"
230,True,False,0.01,uniform,"(28, 1)"
181,False,True,0.01,uniform,"(28, 28)"
251,False,False,0.01,uniform,"(1, 28)"
251,False,False,0.01,uniform,"(28, 1)"
247,False,True,0.01,uniform,"(28, 28)"
251,False,False,0.01,uniform,"(1, 28)"
251,False,False,0.01,uniform,"(28, 1)"
65,False,True,0.01,uniform,"(28, 28)"
251,False,False,0.01,uniform,"(1, 28)"
251,False,False,0.01,uniform,"(28, 1)"
251,False,False,0.01,uniform,"(28, 28)"
28,True,False,0.01,uniform,"(1, 28)"
152,False,True,0.01,uniform,"(28, 1)"
251,False,False,0.01,uniform,"(28, 28)"
251,False,False,0.01,uniform,"(1, 28)"
64,True,False,0.01,uniform,"(28, 1)"
115,True,False,0.01,uniform,"(28, 28)"
65,False,True,0.01,uniform,"(1, 28)"
95,False,True,0.01,uniform,"(28, 1)"
251,False,False,0.01,uniform,"(28, 28)"
251,False,False,0.01,uniform,"(1, 28)"
251,False,False,0.01,uniform,"(28, 1)"
251,False,False,0.01,uniform,"(28, 28)"
197,False,True,0.01,uniform,"(1, 28)"
251,False,False,0.01,uniform,"(28, 1)"
135,True,False,0.01,uniform,"(28, 28)"
251,False,False,0.01,uniform,"(1, 28)"
251,False,False,0.01,uniform,"(28, 1)"
59,False,True,0.01,uniform,"(28, 28)"
45,True,False,0.01,uniform,"(1, 28)"
81,True,False,0.01,uniform,"(28, 1)"
124,True,False,0.01,uniform,"(28, 28)"
251,False,False,0.01,uniform,"(1, 28)"
93,True,False,0.01,uniform,"(28, 1)"
251,False,False,0.01,uniform,"(28, 28)"
51,False,True,0.01,uniform,"(1, 28)"
251,False,False,0.01,uniform,"(28, 1)"
251,False,False,0.01,uniform,"(28, 28)"
90,True,False,0.01,uniform,"(1, 28)"
251,False,False,0.01,uniform,"(28, 1)"
251,False,False,0.01,uniform,"(28, 28)"
251,False,False,0.01,uniform,"(1, 28)"
251,False,False,0.01,uniform,"(28, 1)"
8,False,True,0.01,uniform,"(28, 28)"
251,False,False,0.01,straight_focus,"(1, 28)"
41,True,False,0.01,straight_focus,"(28, 1)"
121,True,False,0.01,straight_focus,"(28, 28)"
17,False,True,0.01,straight_focus,"(1, 28)"
128,True,False,0.01,straight_focus,"(28, 1)"
251,False,False,0.01,straight_focus,"(28, 28)"
251,False,False,0.01,straight_focus,"(1, 28)"
58,False,True,0.01,straight_focus,"(28, 1)"
251,False,False,0.01,straight_focus,"(28, 28)"
223,False,True,0.01,straight_focus,"(1, 28)"
47,True,False,0.01,straight_focus,"(28, 1)"
251,False,False,0.01,straight_focus,"(28, 28)"
204,False,True,0.01,straight_focus,"(1, 28)"
107,True,False,0.01,straight_focus,"(28, 1)"
139,True,False,0.01,straight_focus,"(28, 28)"
251,False,False,0.01,straight_focus,"(1, 28)"
40,False,True,0.01,straight_focus,"(28, 1)"
119,True,False,0.01,straight_focus,"(28, 28)"
251,False,False,0.01,straight_focus,"(1, 28)"
71,False,True,0.01,straight_focus,"(28, 1)"
70,False,True,0.01,straight_focus,"(28, 28)"
251,False,False,0.01,straight_focus,"(1, 28)"
143,True,False,0.01,straight_focus,"(28, 1)"
251,False,False,0.01,straight_focus,"(28, 28)"
251,False,False,0.01,straight_focus,"(1, 28)"
251,False,False,0.01,straight_focus,"(28, 1)"
251,False,False,0.01,straight_focus,"(28, 28)"
164,False,True,0.01,straight_focus,"(1, 28)"
250,False,True,0.01,straight_focus,"(28, 1)"
251,False,False,0.01,straight_focus,"(28, 28)"
251,False,False,0.01,straight_focus,"(1, 28)"
251,False,False,0.01,straight_focus,"(28, 1)"
251,False,False,0.01,straight_focus,"(28, 28)"
59,False,True,0.01,straight_focus,"(1, 28)"
115,False,True,0.01,straight_focus,"(28, 1)"
251,False,False,0.01,straight_focus,"(28, 28)"
251,False,False,0.01,straight_focus,"(1, 28)"
183,True,False,0.01,straight_focus,"(28, 1)"
127,False,True,0.01,straight_focus,"(28, 28)"
251,False,False,0.01,straight_focus,"(1, 28)"
218,False,True,0.01,straight_focus,"(28, 1)"
251,False,False,0.01,straight_focus,"(28, 28)"
251,False,False,0.01,straight_focus,"(1, 28)"
147,True,False,0.01,straight_focus,"(28, 1)"
251,False,False,0.01,straight_focus,"(28, 28)"
251,False,False,0.01,straight_focus,"(1, 28)"
124,True,False,0.01,straight_focus,"(28, 1)"
251,False,False,0.01,straight_focus,"(28, 28)"
251,False,False,0.01,straight_focus,"(1, 28)"
27,True,False,0.01,straight_focus,"(28, 1)"
131,False,True,0.01,straight_focus,"(28, 28)"
35,False,True,0.01,straight_focus,"(1, 28)"
251,False,False,0.01,straight_focus,"(28, 1)"
251,False,False,0.01,straight_focus,"(28, 28)"
251,False,False,0.01,straight_focus,"(1, 28)"
251,False,False,0.01,straight_focus,"(28, 1)"
251,False,False,0.01,straight_focus,"(28, 28)"
108,True,False,0.01,straight_focus,"(1, 28)"
100,True,False,0.01,straight_focus,"(28, 1)"
251,False,False,0.01,straight_focus,"(28, 28)"
251,False,False,0.01,straight_focus,"(1, 28)"
251,False,False,0.01,straight_focus,"(28, 1)"
251,False,False,0.01,straight_focus,"(28, 28)"
169,False,True,0.01,straight_focus,"(1, 28)"
65,True,False,0.01,straight_focus,"(28, 1)"
251,False,False,0.01,straight_focus,"(28, 28)"
128,False,True,0.01,straight_focus,"(1, 28)"
182,False,True,0.01,straight_focus,"(28, 1)"
33,True,False,0.01,straight_focus,"(28, 28)"
144,True,False,0.01,straight_focus,"(1, 28)"
251,False,False,0.01,straight_focus,"(28, 1)"
251,False,False,0.01,straight_focus,"(28, 28)"
251,False,False,0.01,straight_focus,"(1, 28)"
251,False,False,0.01,straight_focus,"(28, 1)"
119,True,False,0.01,straight_focus,"(28, 28)"
215,False,True,0.01,straight_focus,"(1, 28)"
122,False,True,0.01,straight_focus,"(28, 1)"
251,False,False,0.01,straight_focus,"(28, 28)"
251,False,False,0.01,straight_focus,"(1, 28)"
76,True,False,0.01,straight_focus,"(28, 1)"
186,True,False,0.01,straight_focus,"(28, 28)"
251,False,False,0.01,straight_focus,"(1, 28)"
251,False,False,0.01,straight_focus,"(28, 1)"
110,False,True,0.01,straight_focus,"(28, 28)"
246,False,True,0.01,straight_focus,"(1, 28)"
251,False,False,0.01,straight_focus,"(28, 1)"
93,True,False,0.01,straight_focus,"(28, 28)"
109,False,True,0.01,straight_focus,"(1, 28)"
180,False,True,0.01,straight_focus,"(28, 1)"
194,True,False,0.01,straight_focus,"(28, 28)"
250,False,True,0.01,cautious,"(1, 28)"
251,False,False,0.01,cautious,"(28, 1)"
251,False,False,0.01,cautious,"(28, 28)"
251,False,False,0.01,cautious,"(1, 28)"
251,False,False,0.01,cautious,"(28, 1)"
251,False,False,0.01,cautious,"(28, 28)"
106,True,False,0.01,cautious,"(1, 28)"
251,False,False,0.01,cautious,"(28, 1)"
62,True,False,0.01,cautious,"(28, 28)"
251,False,False,0.01,cautious,"(1, 28)"
251,False,False,0.01,cautious,"(28, 1)"
121,False,True,0.01,cautious,"(28, 28)"
251,False,False,0.01,cautious,"(1, 28)"
251,False,False,0.01,cautious,"(28, 1)"
251,False,False,0.01,cautious,"(28, 28)"
144,True,False,0.01,cautious,"(1, 28)"
222,False,True,0.01,cautious,"(28, 1)"
251,False,False,0.01,cautious,"(28, 28)"
251,False,False,0.01,cautious,"(1, 28)"
124,True,False,0.01,cautious,"(28, 1)"
251,False,False,0.01,cautious,"(28, 28)"
251,False,False,0.01,cautious,"(1, 28)"
251,False,False,0.01,cautious,"(28, 1)"
251,False,False,0.01,cautious,"(28, 28)"
251,False,False,0.01,cautious,"(1, 28)"
251,False,False,0.01,cautious,"(28, 1)"
251,False,False,0.01,cautious,"(28, 28)"
251,False,False,0.01,cautious,"(1, 28)"
133,True,False,0.01,cautious,"(28, 1)"
198,False,True,0.01,cautious,"(28, 28)"
251,False,False,0.01,cautious,"(1, 28)"
251,False,False,0.01,cautious,"(28, 1)"
131,False,True,0.01,cautious,"(28, 28)"
58,False,True,0.01,cautious,"(1, 28)"
251,False,False,0.01,cautious,"(28, 1)"
251,False,False,0.01,cautious,"(28, 28)"
251,False,False,0.01,cautious,"(1, 28)"
110,False,True,0.01,cautious,"(28, 1)"
159,False,True,0.01,cautious,"(28, 28)"
141,True,False,0.01,cautious,"(1, 28)"
184,False,True,0.01,cautious,"(28, 1)"
66,False,True,0.01,cautious,"(28, 28)"
191,False,True,0.01,cautious,"(1, 28)"
251,False,False,0.01,cautious,"(28, 1)"
145,True,False,0.01,cautious,"(28, 28)"
251,False,False,0.01,cautious,"(1, 28)"
75,False,True,0.01,cautious,"(28, 1)"
245,False,True,0.01,cautious,"(28, 28)"
251,False,False,0.01,cautious,"(1, 28)"
251,False,False,0.01,cautious,"(28, 1)"
186,True,False,0.01,cautious,"(28, 28)"
180,False,True,0.01,cautious,"(1, 28)"
119,False,True,0.01,cautious,"(28, 1)"
251,False,False,0.01,cautious,"(28, 28)"
231,True,False,0.01,cautious,"(1, 28)"
251,False,False,0.01,cautious,"(28, 1)"
251,False,False,0.01,cautious,"(28, 28)"
36,False,True,0.01,cautious,"(1, 28)"
251,False,False,0.01,cautious,"(28, 1)"
242,False,True,0.01,cautious,"(28, 28)"
251,False,False,0.01,cautious,"(1, 28)"
251,False,False,0.01,cautious,"(28, 1)"
96,False,True,0.01,cautious,"(28, 28)"
251,False,False,0.01,cautious,"(1, 28)"
251,False,False,0.01,cautious,"(28, 1)"
74,False,True,0.01,cautious,"(28, 28)"
56,False,True,0.01,cautious,"(1, 28)"
251,False,False,0.01,cautious,"(28, 1)"
251,False,False,0.01,cautious,"(28, 28)"
251,False,False,0.01,cautious,"(1, 28)"
148,False,True,0.01,cautious,"(28, 1)"
85,False,True,0.01,cautious,"(28, 28)"
251,False,False,0.01,cautious,"(1, 28)"
157,True,False,0.01,cautious,"(28, 1)"
117,False,True,0.01,cautious,"(28, 28)"
124,False,True,0.01,cautious,"(1, 28)"
251,False,False,0.01,cautious,"(28, 1)"
164,True,False,0.01,cautious,"(28, 28)"
58,True,False,0.01,cautious,"(1, 28)"
216,False,True,0.01,cautious,"(28, 1)"
251,False,False,0.01,cautious,"(28, 28)"
251,False,False,0.01,cautious,"(1, 28)"
251,False,False,0.01,cautious,"(28, 1)"
251,False,False,0.01,cautious,"(28, 28)"
251,False,False,0.01,cautious,"(1, 28)"
230,False,True,0.01,cautious,"(28, 1)"
251,False,False,0.01,cautious,"(28, 28)"
251,False,False,0.01,cautious,"(1, 28)"
251,False,False,0.01,cautious,"(28, 1)"
251,False,False,0.01,cautious,"(28, 28)"
93,True,False,0.03,uniform,"(1, 28)"
226,False,True,0.03,uniform,"(28, 1)"
95,False,True,0.03,uniform,"(28, 28)"
251,False,False,0.03,uniform,"(1, 28)"
16,False,True,0.03,uniform,"(28, 1)"
70,False,True,0.03,uniform,"(28, 28)"
103,False,True,0.03,uniform,"(1, 28)"
38,True,False,0.03,uniform,"(28, 1)"
251,False,False,0.03,uniform,"(28, 28)"
66,True,False,0.03,uniform,"(1, 28)"
92,False,True,0.03,uniform,"(28, 1)"
155,True,False,0.03,uniform,"(28, 28)"
132,False,True,0.03,uniform,"(1, 28)"
181,True,False,0.03,uniform,"(28, 1)"
46,False,True,0.03,uniform,"(28, 28)"
185,False,True,0.03,uniform,"(1, 28)"
251,False,False,0.03,uniform,"(28, 1)"
144,False,True,0.03,uniform,"(28, 28)"
81,True,False,0.03,uniform,"(1, 28)"
84,False,True,0.03,uniform,"(28, 1)"
251,False,False,0.03,uniform,"(28, 28)"
146,False,True,0.03,uniform,"(1, 28)"
160,False,True,0.03,uniform,"(28, 1)"
99,False,True,0.03,uniform,"(28, 28)"
251,False,False,0.03,uniform,"(1, 28)"
215,False,True,0.03,uniform,"(28, 1)"
56,False,True,0.03,uniform,"(28, 28)"
127,False,True,0.03,uniform,"(1, 28)"
251,False,False,0.03,uniform,"(28, 1)"
93,True,False,0.03,uniform,"(28, 28)"
251,False,False,0.03,uniform,"(1, 28)"
137,False,True,0.03,uniform,"(28, 1)"
251,False,False,0.03,uniform,"(28, 28)"
119,False,True,0.03,uniform,"(1, 28)"
251,False,False,0.03,uniform,"(28, 1)"
251,False,False,0.03,uniform,"(28, 28)"
251,False,False,0.03,uniform,"(1, 28)"
165,False,True,0.03,uniform,"(28, 1)"
251,False,False,0.03,uniform,"(28, 28)"
112,False,True,0.03,uniform,"(1, 28)"
30,True,False,0.03,uniform,"(28, 1)"
251,False,False,0.03,uniform,"(28, 28)"
124,False,True,0.03,uniform,"(1, 28)"
251,False,False,0.03,uniform,"(28, 1)"
251,False,False,0.03,uniform,"(28, 28)"
246,True,False,0.03,uniform,"(1, 28)"
251,False,False,0.03,uniform,"(28, 1)"
119,False,True,0.03,uniform,"(28, 28)"
251,False,False,0.03,uniform,"(1, 28)"
49,False,True,0.03,uniform,"(28, 1)"
166,False,True,0.03,uniform,"(28, 28)"
205,True,False,0.03,uniform,"(1, 28)"
251,False,False,0.03,uniform,"(28, 1)"
145,False,True,0.03,uniform,"(28, 28)"
14,False,True,0.03,uniform,"(1, 28)"
170,False,True,0.03,uniform,"(28, 1)"
11,False,True,0.03,uniform,"(28, 28)"
203,False,True,0.03,uniform,"(1, 28)"
251,False,False,0.03,uniform,"(28, 1)"
28,False,True,0.03,uniform,"(28, 28)"
29,False,True,0.03,uniform,"(1, 28)"
99,True,False,0.03,uniform,"(28, 1)"
167,False,True,0.03,uniform,"(28, 28)"
79,True,False,0.03,uniform,"(1, 28)"
251,False,False,0.03,uniform,"(28, 1)"
94,False,True,0.03,uniform,"(28, 28)"
251,False,False,0.03,uniform,"(1, 28)"
114,False,True,0.03,uniform,"(28, 1)"
251,False,False,0.03,uniform,"(28, 28)"
115,False,True,0.03,uniform,"(1, 28)"
45,False,True,0.03,uniform,"(28, 1)"
85,False,True,0.03,uniform,"(28, 28)"
51,False,True,0.03,uniform,"(1, 28)"
27,True,False,0.03,uniform,"(28, 1)"
151,True,False,0.03,uniform,"(28, 28)"
158,False,True,0.03,uniform,"(1, 28)"
251,False,False,0.03,uniform,"(28, 1)"
251,False,False,0.03,uniform,"(28, 28)"
189,False,True,0.03,uniform,"(1, 28)"
61,False,True,0.03,uniform,"(28, 1)"
209,False,True,0.03,uniform,"(28, 28)"
102,False,True,0.03,uniform,"(1, 28)"
228,True,False,0.03,uniform,"(28, 1)"
226,True,False,0.03,uniform,"(28, 28)"
245,True,False,0.03,uniform,"(1, 28)"
25,False,True,0.03,uniform,"(28, 1)"
148,False,True,0.03,uniform,"(28, 28)"
130,False,True,0.03,uniform,"(1, 28)"
38,False,True,0.03,uniform,"(28, 1)"
236,False,True,0.03,uniform,"(28, 28)"
156,True,False,0.03,straight_focus,"(1, 28)"
251,False,False,0.03,straight_focus,"(28, 1)"
251,False,False,0.03,straight_focus,"(28, 28)"
251,False,False,0.03,straight_focus,"(1, 28)"
90,False,True,0.03,straight_focus,"(28, 1)"
119,True,False,0.03,straight_focus,"(28, 28)"
84,False,True,0.03,straight_focus,"(1, 28)"
251,False,False,0.03,straight_focus,"(28, 1)"
196,False,True,0.03,straight_focus,"(28, 28)"
74,False,True,0.03,straight_focus,"(1, 28)"
251,False,False,0.03,straight_focus,"(28, 1)"
10,False,True,0.03,straight_focus,"(28, 28)"
92,False,True,0.03,straight_focus,"(1, 28)"
226,False,True,0.03,straight_focus,"(28, 1)"
147,False,True,0.03,straight_focus,"(28, 28)"
251,False,False,0.03,straight_focus,"(1, 28)"
216,False,True,0.03,straight_focus,"(28, 1)"
37,False,True,0.03,straight_focus,"(28, 28)"
251,False,False,0.03,straight_focus,"(1, 28)"
251,False,False,0.03,straight_focus,"(28, 1)"
248,False,True,0.03,straight_focus,"(28, 28)"
251,False,False,0.03,straight_focus,"(1, 28)"
93,False,True,0.03,straight_focus,"(28, 1)"
172,True,False,0.03,straight_focus,"(28, 28)"
251,False,False,0.03,straight_focus,"(1, 28)"
251,False,False,0.03,straight_focus,"(28, 1)"
251,False,False,0.03,straight_focus,"(28, 28)"
77,False,True,0.03,straight_focus,"(1, 28)"
139,True,False,0.03,straight_focus,"(28, 1)"
103,False,True,0.03,straight_focus,"(28, 28)"
105,False,True,0.03,straight_focus,"(1, 28)"
251,False,False,0.03,straight_focus,"(28, 1)"
223,False,True,0.03,straight_focus,"(28, 28)"
19,False,True,0.03,straight_focus,"(1, 28)"
65,False,True,0.03,straight_focus,"(28, 1)"
116,False,True,0.03,straight_focus,"(28, 28)"
33,False,True,0.03,straight_focus,"(1, 28)"
26,False,True,0.03,straight_focus,"(28, 1)"
99,False,True,0.03,straight_focus,"(28, 28)"
114,False,True,0.03,straight_focus,"(1, 28)"
66,False,True,0.03,straight_focus,"(28, 1)"
251,False,True,0.03,straight_focus,"(28, 28)"
251,False,False,0.03,straight_focus,"(1, 28)"
251,False,False,0.03,straight_focus,"(28, 1)"
54,False,True,0.03,straight_focus,"(28, 28)"
170,False,True,0.03,straight_focus,"(1, 28)"
251,False,True,0.03,straight_focus,"(28, 1)"
130,False,True,0.03,straight_focus,"(28, 28)"
226,False,True,0.03,straight_focus,"(1, 28)"
251,False,False,0.03,straight_focus,"(28, 1)"
235,False,True,0.03,straight_focus,"(28, 28)"
67,False,True,0.03,straight_focus,"(1, 28)"
251,False,False,0.03,straight_focus,"(28, 1)"
238,False,True,0.03,straight_focus,"(28, 28)"
251,False,False,0.03,straight_focus,"(1, 28)"
251,False,False,0.03,straight_focus,"(28, 1)"
103,False,True,0.03,straight_focus,"(28, 28)"
63,True,False,0.03,straight_focus,"(1, 28)"
251,False,False,0.03,straight_focus,"(28, 1)"
82,False,True,0.03,straight_focus,"(28, 28)"
231,False,True,0.03,straight_focus,"(1, 28)"
251,False,False,0.03,straight_focus,"(28, 1)"
93,False,True,0.03,straight_focus,"(28, 28)"
107,True,False,0.03,straight_focus,"(1, 28)"
109,False,True,0.03,straight_focus,"(28, 1)"
251,False,False,0.03,straight_focus,"(28, 28)"
105,False,True,0.03,straight_focus,"(1, 28)"
164,True,False,0.03,straight_focus,"(28, 1)"
183,False,True,0.03,straight_focus,"(28, 28)"
59,False,True,0.03,straight_focus,"(1, 28)"
112,True,False,0.03,straight_focus,"(28, 1)"
115,True,False,0.03,straight_focus,"(28, 28)"
219,False,True,0.03,straight_focus,"(1, 28)"
130,False,True,0.03,straight_focus,"(28, 1)"
178,False,True,0.03,straight_focus,"(28, 28)"
238,False,True,0.03,straight_focus,"(1, 28)"
28,False,True,0.03,straight_focus,"(28, 1)"
125,False,True,0.03,straight_focus,"(28, 28)"
87,True,False,0.03,straight_focus,"(1, 28)"
168,False,True,0.03,straight_focus,"(28, 1)"
27,False,True,0.03,straight_focus,"(28, 28)"
228,True,False,0.03,straight_focus,"(1, 28)"
133,True,False,0.03,straight_focus,"(28, 1)"
171,False,True,0.03,straight_focus,"(28, 28)"
49,False,True,0.03,straight_focus,"(1, 28)"
242,False,True,0.03,straight_focus,"(28, 1)"
214,False,True,0.03,straight_focus,"(28, 28)"
20,False,True,0.03,straight_focus,"(1, 28)"
180,False,True,0.03,straight_focus,"(28, 1)"
191,True,False,0.03,straight_focus,"(28, 28)"
163,False,True,0.03,cautious,"(1, 28)"
251,False,False,0.03,cautious,"(28, 1)"
111,False,True,0.03,cautious,"(28, 28)"
147,False,True,0.03,cautious,"(1, 28)"
60,False,True,0.03,cautious,"(28, 1)"
251,False,False,0.03,cautious,"(28, 28)"
74,False,True,0.03,cautious,"(1, 28)"
87,True,False,0.03,cautious,"(28, 1)"
251,False,False,0.03,cautious,"(28, 28)"
119,False,True,0.03,cautious,"(1, 28)"
251,False,False,0.03,cautious,"(28, 1)"
106,False,True,0.03,cautious,"(28, 28)"
121,False,True,0.03,cautious,"(1, 28)"
69,False,True,0.03,cautious,"(28, 1)"
72,False,True,0.03,cautious,"(28, 28)"
46,False,True,0.03,cautious,"(1, 28)"
184,False,True,0.03,cautious,"(28, 1)"
106,False,True,0.03,cautious,"(28, 28)"
137,False,True,0.03,cautious,"(1, 28)"
241,False,True,0.03,cautious,"(28, 1)"
62,False,True,0.03,cautious,"(28, 28)"
251,False,False,0.03,cautious,"(1, 28)"
167,False,True,0.03,cautious,"(28, 1)"
244,False,True,0.03,cautious,"(28, 28)"
92,False,True,0.03,cautious,"(1, 28)"
251,False,False,0.03,cautious,"(28, 1)"
251,False,False,0.03,cautious,"(28, 28)"
251,False,False,0.03,cautious,"(1, 28)"
251,False,False,0.03,cautious,"(28, 1)"
207,False,True,0.03,cautious,"(28, 28)"
196,False,True,0.03,cautious,"(1, 28)"
170,True,False,0.03,cautious,"(28, 1)"
89,True,False,0.03,cautious,"(28, 28)"
198,False,True,0.03,cautious,"(1, 28)"
231,False,True,0.03,cautious,"(28, 1)"
251,False,False,0.03,cautious,"(28, 28)"
11,False,True,0.03,cautious,"(1, 28)"
251,False,False,0.03,cautious,"(28, 1)"
81,False,True,0.03,cautious,"(28, 28)"
116,False,True,0.03,cautious,"(1, 28)"
55,False,True,0.03,cautious,"(28, 1)"
251,False,False,0.03,cautious,"(28, 28)"
251,False,False,0.03,cautious,"(1, 28)"
251,False,False,0.03,cautious,"(28, 1)"
251,False,False,0.03,cautious,"(28, 28)"
251,False,False,0.03,cautious,"(1, 28)"
251,False,False,0.03,cautious,"(28, 1)"
251,False,False,0.03,cautious,"(28, 28)"
121,True,False,0.03,cautious,"(1, 28)"
251,False,False,0.03,cautious,"(28, 1)"
201,True,False,0.03,cautious,"(28, 28)"
251,False,False,0.03,cautious,"(1, 28)"
74,True,False,0.03,cautious,"(28, 1)"
177,False,True,0.03,cautious,"(28, 28)"
251,False,False,0.03,cautious,"(1, 28)"
72,False,True,0.03,cautious,"(28, 1)"
73,False,True,0.03,cautious,"(28, 28)"
173,False,True,0.03,cautious,"(1, 28)"
251,False,False,0.03,cautious,"(28, 1)"
84,False,True,0.03,cautious,"(28, 28)"
251,False,False,0.03,cautious,"(1, 28)"
224,False,True,0.03,cautious,"(28, 1)"
214,False,True,0.03,cautious,"(28, 28)"
61,False,True,0.03,cautious,"(1, 28)"
95,False,True,0.03,cautious,"(28, 1)"
232,False,True,0.03,cautious,"(28, 28)"
251,False,False,0.03,cautious,"(1, 28)"
251,False,False,0.03,cautious,"(28, 1)"
251,False,False,0.03,cautious,"(28, 28)"
251,False,False,0.03,cautious,"(1, 28)"
131,False,True,0.03,cautious,"(28, 1)"
207,False,True,0.03,cautious,"(28, 28)"
110,False,True,0.03,cautious,"(1, 28)"
251,False,False,0.03,cautious,"(28, 1)"
20,False,True,0.03,cautious,"(28, 28)"
250,True,False,0.03,cautious,"(1, 28)"
60,False,True,0.03,cautious,"(28, 1)"
73,True,False,0.03,cautious,"(28, 28)"
251,False,False,0.03,cautious,"(1, 28)"
135,False,True,0.03,cautious,"(28, 1)"
189,False,True,0.03,cautious,"(28, 28)"
102,False,True,0.03,cautious,"(1, 28)"
168,False,True,0.03,cautious,"(28, 1)"
86,False,True,0.03,cautious,"(28, 28)"
100,False,True,0.03,cautious,"(1, 28)"
196,False,True,0.03,cautious,"(28, 1)"
251,False,False,0.03,cautious,"(28, 28)"
59,False,True,0.03,cautious,"(1, 28)"
251,False,False,0.03,cautious,"(28, 1)"
251,False,False,0.03,cautious,"(28, 28)"
141,False,True,0.05,uniform,"(1, 28)"
31,False,True,0.05,uniform,"(28, 1)"
251,False,False,0.05,uniform,"(28, 28)"
94,False,True,0.05,uniform,"(1, 28)"
144,False,True,0.05,uniform,"(28, 1)"
251,False,True,0.05,uniform,"(28, 28)"
192,False,True,0.05,uniform,"(1, 28)"
217,False,True,0.05,uniform,"(28, 1)"
97,False,True,0.05,uniform,"(28, 28)"
120,False,True,0.05,uniform,"(1, 28)"
114,False,True,0.05,uniform,"(28, 1)"
105,False,True,0.05,uniform,"(28, 28)"
135,False,True,0.05,uniform,"(1, 28)"
43,True,False,0.05,uniform,"(28, 1)"
140,False,True,0.05,uniform,"(28, 28)"
240,False,True,0.05,uniform,"(1, 28)"
251,False,False,0.05,uniform,"(28, 1)"
251,False,False,0.05,uniform,"(28, 28)"
95,False,True,0.05,uniform,"(1, 28)"
251,False,False,0.05,uniform,"(28, 1)"
231,False,True,0.05,uniform,"(28, 28)"
251,False,False,0.05,uniform,"(1, 28)"
77,False,True,0.05,uniform,"(28, 1)"
251,False,False,0.05,uniform,"(28, 28)"
251,False,False,0.05,uniform,"(1, 28)"
96,False,True,0.05,uniform,"(28, 1)"
101,False,True,0.05,uniform,"(28, 28)"
63,False,True,0.05,uniform,"(1, 28)"
66,False,True,0.05,uniform,"(28, 1)"
54,True,False,0.05,uniform,"(28, 28)"
90,False,True,0.05,uniform,"(1, 28)"
28,True,False,0.05,uniform,"(28, 1)"
88,True,False,0.05,uniform,"(28, 28)"
79,False,True,0.05,uniform,"(1, 28)"
136,False,True,0.05,uniform,"(28, 1)"
251,False,False,0.05,uniform,"(28, 28)"
95,False,True,0.05,uniform,"(1, 28)"
39,False,True,0.05,uniform,"(28, 1)"
64,False,True,0.05,uniform,"(28, 28)"
228,False,True,0.05,uniform,"(1, 28)"
48,True,False,0.05,uniform,"(28, 1)"
157,True,False,0.05,uniform,"(28, 28)"
65,False,True,0.05,uniform,"(1, 28)"
99,False,True,0.05,uniform,"(28, 1)"
93,False,True,0.05,uniform,"(28, 28)"
251,False,False,0.05,uniform,"(1, 28)"
203,True,False,0.05,uniform,"(28, 1)"
46,False,True,0.05,uniform,"(28, 28)"
251,False,False,0.05,uniform,"(1, 28)"
202,False,True,0.05,uniform,"(28, 1)"
251,False,False,0.05,uniform,"(28, 28)"
40,False,True,0.05,uniform,"(1, 28)"
135,False,True,0.05,uniform,"(28, 1)"
182,False,True,0.05,uniform,"(28, 28)"
66,False,True,0.05,uniform,"(1, 28)"
187,False,True,0.05,uniform,"(28, 1)"
63,False,True,0.05,uniform,"(28, 28)"
97,False,True,0.05,uniform,"(1, 28)"
188,False,True,0.05,uniform,"(28, 1)"
75,False,True,0.05,uniform,"(28, 28)"
121,False,True,0.05,uniform,"(1, 28)"
251,False,False,0.05,uniform,"(28, 1)"
132,True,False,0.05,uniform,"(28, 28)"
159,False,True,0.05,uniform,"(1, 28)"
33,False,True,0.05,uniform,"(28, 1)"
251,False,False,0.05,uniform,"(28, 28)"
203,False,True,0.05,uniform,"(1, 28)"
122,True,False,0.05,uniform,"(28, 1)"
162,False,True,0.05,uniform,"(28, 28)"
224,False,True,0.05,uniform,"(1, 28)"
71,False,True,0.05,uniform,"(28, 1)"
21,False,True,0.05,uniform,"(28, 28)"
176,True,False,0.05,uniform,"(1, 28)"
75,True,False,0.05,uniform,"(28, 1)"
160,False,True,0.05,uniform,"(28, 28)"
59,False,True,0.05,uniform,"(1, 28)"
251,False,False,0.05,uniform,"(28, 1)"
69,False,True,0.05,uniform,"(28, 28)"
140,False,True,0.05,uniform,"(1, 28)"
45,False,True,0.05,uniform,"(28, 1)"
251,False,False,0.05,uniform,"(28, 28)"
77,False,True,0.05,uniform,"(1, 28)"
38,False,True,0.05,uniform,"(28, 1)"
104,False,True,0.05,uniform,"(28, 28)"
199,False,True,0.05,uniform,"(1, 28)"
67,False,True,0.05,uniform,"(28, 1)"
199,False,True,0.05,uniform,"(28, 28)"
84,False,True,0.05,uniform,"(1, 28)"
65,True,False,0.05,uniform,"(28, 1)"
109,False,True,0.05,uniform,"(28, 28)"
55,True,False,0.05,straight_focus,"(1, 28)"
15,False,True,0.05,straight_focus,"(28, 1)"
75,False,True,0.05,straight_focus,"(28, 28)"
76,False,True,0.05,straight_focus,"(1, 28)"
89,False,True,0.05,straight_focus,"(28, 1)"
77,False,True,0.05,straight_focus,"(28, 28)"
46,False,True,0.05,straight_focus,"(1, 28)"
96,True,False,0.05,straight_focus,"(28, 1)"
66,False,True,0.05,straight_focus,"(28, 28)"
176,True,False,0.05,straight_focus,"(1, 28)"
196,False,True,0.05,straight_focus,"(28, 1)"
159,False,True,0.05,straight_focus,"(28, 28)"
24,False,True,0.05,straight_focus,"(1, 28)"
128,False,True,0.05,straight_focus,"(28, 1)"
197,False,True,0.05,straight_focus,"(28, 28)"
211,False,True,0.05,straight_focus,"(1, 28)"
224,False,True,0.05,straight_focus,"(28, 1)"
251,False,False,0.05,straight_focus,"(28, 28)"
142,True,False,0.05,straight_focus,"(1, 28)"
69,False,True,0.05,straight_focus,"(28, 1)"
149,False,True,0.05,straight_focus,"(28, 28)"
136,False,True,0.05,straight_focus,"(1, 28)"
251,False,False,0.05,straight_focus,"(28, 1)"
209,True,False,0.05,straight_focus,"(28, 28)"
203,False,True,0.05,straight_focus,"(1, 28)"
251,False,False,0.05,straight_focus,"(28, 1)"
160,False,True,0.05,straight_focus,"(28, 28)"
231,False,True,0.05,straight_focus,"(1, 28)"
91,False,True,0.05,straight_focus,"(28, 1)"
106,True,False,0.05,straight_focus,"(28, 28)"
251,False,False,0.05,straight_focus,"(1, 28)"
160,True,False,0.05,straight_focus,"(28, 1)"
251,False,False,0.05,straight_focus,"(28, 28)"
64,False,True,0.05,straight_focus,"(1, 28)"
112,False,True,0.05,straight_focus,"(28, 1)"
65,False,True,0.05,straight_focus,"(28, 28)"
251,False,False,0.05,straight_focus,"(1, 28)"
42,False,True,0.05,straight_focus,"(28, 1)"
17,False,True,0.05,straight_focus,"(28, 28)"
215,True,False,0.05,straight_focus,"(1, 28)"
251,False,False,0.05,straight_focus,"(28, 1)"
63,False,True,0.05,straight_focus,"(28, 28)"
115,False,True,0.05,straight_focus,"(1, 28)"
55,True,False,0.05,straight_focus,"(28, 1)"
160,False,True,0.05,straight_focus,"(28, 28)"
251,False,False,0.05,straight_focus,"(1, 28)"
52,False,True,0.05,straight_focus,"(28, 1)"
126,True,False,0.05,straight_focus,"(28, 28)"
251,False,False,0.05,straight_focus,"(1, 28)"
41,False,True,0.05,straight_focus,"(28, 1)"
251,False,False,0.05,straight_focus,"(28, 28)"
157,False,True,0.05,straight_focus,"(1, 28)"
98,False,True,0.05,straight_focus,"(28, 1)"
102,False,True,0.05,straight_focus,"(28, 28)"
100,False,True,0.05,straight_focus,"(1, 28)"
80,False,True,0.05,straight_focus,"(28, 1)"
251,False,False,0.05,straight_focus,"(28, 28)"
77,False,True,0.05,straight_focus,"(1, 28)"
243,False,True,0.05,straight_focus,"(28, 1)"
177,False,True,0.05,straight_focus,"(28, 28)"
59,False,True,0.05,straight_focus,"(1, 28)"
132,False,True,0.05,straight_focus,"(28, 1)"
154,False,True,0.05,straight_focus,"(28, 28)"
71,False,True,0.05,straight_focus,"(1, 28)"
251,False,False,0.05,straight_focus,"(28, 1)"
78,False,True,0.05,straight_focus,"(28, 28)"
163,False,True,0.05,straight_focus,"(1, 28)"
47,False,True,0.05,straight_focus,"(28, 1)"
29,False,True,0.05,straight_focus,"(28, 28)"
251,False,False,0.05,straight_focus,"(1, 28)"
146,True,False,0.05,straight_focus,"(28, 1)"
24,False,True,0.05,straight_focus,"(28, 28)"
183,False,True,0.05,straight_focus,"(1, 28)"
30,False,True,0.05,straight_focus,"(28, 1)"
31,False,True,0.05,straight_focus,"(28, 28)"
69,False,True,0.05,straight_focus,"(1, 28)"
74,False,True,0.05,straight_focus,"(28, 1)"
251,False,False,0.05,straight_focus,"(28, 28)"
57,False,True,0.05,straight_focus,"(1, 28)"
22,False,True,0.05,straight_focus,"(28, 1)"
251,False,False,0.05,straight_focus,"(28, 28)"
168,False,True,0.05,straight_focus,"(1, 28)"
120,False,True,0.05,straight_focus,"(28, 1)"
59,False,True,0.05,straight_focus,"(28, 28)"
109,True,False,0.05,straight_focus,"(1, 28)"
231,False,True,0.05,straight_focus,"(28, 1)"
93,False,True,0.05,straight_focus,"(28, 28)"
251,False,False,0.05,straight_focus,"(1, 28)"
251,False,False,0.05,straight_focus,"(28, 1)"
69,False,True,0.05,straight_focus,"(28, 28)"
99,False,True,0.05,cautious,"(1, 28)"
153,False,True,0.05,cautious,"(28, 1)"
76,False,True,0.05,cautious,"(28, 28)"
251,False,False,0.05,cautious,"(1, 28)"
101,False,True,0.05,cautious,"(28, 1)"
82,False,True,0.05,cautious,"(28, 28)"
251,False,False,0.05,cautious,"(1, 28)"
142,False,True,0.05,cautious,"(28, 1)"
182,False,True,0.05,cautious,"(28, 28)"
240,False,True,0.05,cautious,"(1, 28)"
81,True,False,0.05,cautious,"(28, 1)"
167,False,True,0.05,cautious,"(28, 28)"
203,False,True,0.05,cautious,"(1, 28)"
227,False,True,0.05,cautious,"(28, 1)"
85,False,True,0.05,cautious,"(28, 28)"
104,True,False,0.05,cautious,"(1, 28)"
37,False,True,0.05,cautious,"(28, 1)"
33,False,True,0.05,cautious,"(28, 28)"
57,True,False,0.05,cautious,"(1, 28)"
108,False,True,0.05,cautious,"(28, 1)"
77,False,True,0.05,cautious,"(28, 28)"
251,False,False,0.05,cautious,"(1, 28)"
19,False,True,0.05,cautious,"(28, 1)"
189,False,True,0.05,cautious,"(28, 28)"
150,False,True,0.05,cautious,"(1, 28)"
114,False,True,0.05,cautious,"(28, 1)"
132,False,True,0.05,cautious,"(28, 28)"
63,False,True,0.05,cautious,"(1, 28)"
206,False,True,0.05,cautious,"(28, 1)"
42,False,True,0.05,cautious,"(28, 28)"
126,False,True,0.05,cautious,"(1, 28)"
65,False,True,0.05,cautious,"(28, 1)"
32,False,True,0.05,cautious,"(28, 28)"
155,False,True,0.05,cautious,"(1, 28)"
60,False,True,0.05,cautious,"(28, 1)"
124,False,True,0.05,cautious,"(28, 28)"
251,False,False,0.05,cautious,"(1, 28)"
251,False,False,0.05,cautious,"(28, 1)"
91,False,True,0.05,cautious,"(28, 28)"
87,False,True,0.05,cautious,"(1, 28)"
45,False,True,0.05,cautious,"(28, 1)"
129,False,True,0.05,cautious,"(28, 28)"
48,False,True,0.05,cautious,"(1, 28)"
51,True,False,0.05,cautious,"(28, 1)"
51,False,True,0.05,cautious,"(28, 28)"
27,False,True,0.05,cautious,"(1, 28)"
43,False,True,0.05,cautious,"(28, 1)"
105,False,True,0.05,cautious,"(28, 28)"
66,False,True,0.05,cautious,"(1, 28)"
85,False,True,0.05,cautious,"(28, 1)"
251,False,False,0.05,cautious,"(28, 28)"
89,False,True,0.05,cautious,"(1, 28)"
176,False,True,0.05,cautious,"(28, 1)"
98,False,True,0.05,cautious,"(28, 28)"
154,False,True,0.05,cautious,"(1, 28)"
251,False,False,0.05,cautious,"(28, 1)"
103,False,True,0.05,cautious,"(28, 28)"
229,False,True,0.05,cautious,"(1, 28)"
251,False,False,0.05,cautious,"(28, 1)"
201,False,True,0.05,cautious,"(28, 28)"
251,False,False,0.05,cautious,"(1, 28)"
54,False,True,0.05,cautious,"(28, 1)"
106,False,True,0.05,cautious,"(28, 28)"
251,False,False,0.05,cautious,"(1, 28)"
114,False,True,0.05,cautious,"(28, 1)"
29,False,True,0.05,cautious,"(28, 28)"
91,False,True,0.05,cautious,"(1, 28)"
82,False,True,0.05,cautious,"(28, 1)"
177,False,True,0.05,cautious,"(28, 28)"
251,False,False,0.05,cautious,"(1, 28)"
68,False,True,0.05,cautious,"(28, 1)"
117,False,True,0.05,cautious,"(28, 28)"
125,False,True,0.05,cautious,"(1, 28)"
124,False,True,0.05,cautious,"(28, 1)"
251,False,False,0.05,cautious,"(28, 28)"
138,False,True,0.05,cautious,"(1, 28)"
88,False,True,0.05,cautious,"(28, 1)"
251,False,False,0.05,cautious,"(28, 28)"
197,False,True,0.05,cautious,"(1, 28)"
251,False,False,0.05,cautious,"(28, 1)"
32,False,True,0.05,cautious,"(28, 28)"
138,False,True,0.05,cautious,"(1, 28)"
251,False,False,0.05,cautious,"(28, 1)"
251,False,False,0.05,cautious,"(28, 28)"
69,False,True,0.05,cautious,"(1, 28)"
251,False,False,0.05,cautious,"(28, 1)"
157,False,True,0.05,cautious,"(28, 28)"
251,False,False,0.05,cautious,"(1, 28)"
114,False,True,0.05,cautious,"(28, 1)"
251,False,False,0.05,cautious,"(28, 28)"
118,False,True,0.08,uniform,"(1, 28)"
196,True,False,0.08,uniform,"(28, 1)"
113,False,True,0.08,uniform,"(28, 28)"
59,False,True,0.08,uniform,"(1, 28)"
143,False,True,0.08,uniform,"(28, 1)"
124,False,True,0.08,uniform,"(28, 28)"
85,False,True,0.08,uniform,"(1, 28)"
20,False,True,0.08,uniform,"(28, 1)"
56,False,True,0.08,uniform,"(28, 28)"
207,False,True,0.08,uniform,"(1, 28)"
192,False,True,0.08,uniform,"(28, 1)"
161,False,True,0.08,uniform,"(28, 28)"
8,False,True,0.08,uniform,"(1, 28)"
251,False,False,0.08,uniform,"(28, 1)"
158,False,True,0.08,uniform,"(28, 28)"
57,False,True,0.08,uniform,"(1, 28)"
96,False,True,0.08,uniform,"(28, 1)"
44,False,True,0.08,uniform,"(28, 28)"
69,False,True,0.08,uniform,"(1, 28)"
62,False,True,0.08,uniform,"(28, 1)"
142,False,True,0.08,uniform,"(28, 28)"
43,False,True,0.08,uniform,"(1, 28)"
13,False,True,0.08,uniform,"(28, 1)"
72,False,True,0.08,uniform,"(28, 28)"
62,False,True,0.08,uniform,"(1, 28)"
158,False,True,0.08,uniform,"(28, 1)"
171,False,True,0.08,uniform,"(28, 28)"
58,False,True,0.08,uniform,"(1, 28)"
135,True,False,0.08,uniform,"(28, 1)"
103,False,True,0.08,uniform,"(28, 28)"
192,False,True,0.08,uniform,"(1, 28)"
86,False,True,0.08,uniform,"(28, 1)"
30,False,True,0.08,uniform,"(28, 28)"
142,False,True,0.08,uniform,"(1, 28)"
106,False,True,0.08,uniform,"(28, 1)"
125,False,True,0.08,uniform,"(28, 28)"
197,False,True,0.08,uniform,"(1, 28)"
68,False,True,0.08,uniform,"(28, 1)"
37,False,True,0.08,uniform,"(28, 28)"
196,False,True,0.08,uniform,"(1, 28)"
160,False,True,0.08,uniform,"(28, 1)"
97,False,True,0.08,uniform,"(28, 28)"
53,True,False,0.08,uniform,"(1, 28)"
148,False,True,0.08,uniform,"(28, 1)"
17,False,True,0.08,uniform,"(28, 28)"
190,True,False,0.08,uniform,"(1, 28)"
109,False,True,0.08,uniform,"(28, 1)"
133,False,True,0.08,uniform,"(28, 28)"
251,False,False,0.08,uniform,"(1, 28)"
187,False,True,0.08,uniform,"(28, 1)"
33,False,True,0.08,uniform,"(28, 28)"
101,False,True,0.08,uniform,"(1, 28)"
76,False,True,0.08,uniform,"(28, 1)"
178,False,True,0.08,uniform,"(28, 28)"
251,False,False,0.08,uniform,"(1, 28)"
64,False,True,0.08,uniform,"(28, 1)"
251,False,False,0.08,uniform,"(28, 28)"
158,False,True,0.08,uniform,"(1, 28)"
152,False,True,0.08,uniform,"(28, 1)"
26,False,True,0.08,uniform,"(28, 28)"
91,True,False,0.08,uniform,"(1, 28)"
162,False,True,0.08,uniform,"(28, 1)"
72,False,True,0.08,uniform,"(28, 28)"
85,False,True,0.08,uniform,"(1, 28)"
63,True,False,0.08,uniform,"(28, 1)"
119,False,True,0.08,uniform,"(28, 28)"
46,False,True,0.08,uniform,"(1, 28)"
251,False,False,0.08,uniform,"(28, 1)"
148,False,True,0.08,uniform,"(28, 28)"
62,False,True,0.08,uniform,"(1, 28)"
70,False,True,0.08,uniform,"(28, 1)"
251,False,False,0.08,uniform,"(28, 28)"
80,False,True,0.08,uniform,"(1, 28)"
190,False,True,0.08,uniform,"(28, 1)"
68,False,True,0.08,uniform,"(28, 28)"
33,False,True,0.08,uniform,"(1, 28)"
119,False,True,0.08,uniform,"(28, 1)"
43,False,True,0.08,uniform,"(28, 28)"
251,False,False,0.08,uniform,"(1, 28)"
89,False,True,0.08,uniform,"(28, 1)"
148,False,True,0.08,uniform,"(28, 28)"
84,False,True,0.08,uniform,"(1, 28)"
130,False,True,0.08,uniform,"(28, 1)"
98,False,True,0.08,uniform,"(28, 28)"
83,False,True,0.08,uniform,"(1, 28)"
30,True,False,0.08,uniform,"(28, 1)"
33,False,True,0.08,uniform,"(28, 28)"
115,False,True,0.08,uniform,"(1, 28)"
89,False,True,0.08,uniform,"(28, 1)"
74,False,True,0.08,uniform,"(28, 28)"
10,False,True,0.08,straight_focus,"(1, 28)"
200,False,True,0.08,straight_focus,"(28, 1)"
38,False,True,0.08,straight_focus,"(28, 28)"
93,True,False,0.08,straight_focus,"(1, 28)"
64,True,False,0.08,straight_focus,"(28, 1)"
38,False,True,0.08,straight_focus,"(28, 28)"
108,False,True,0.08,straight_focus,"(1, 28)"
24,False,True,0.08,straight_focus,"(28, 1)"
51,False,True,0.08,straight_focus,"(28, 28)"
21,False,True,0.08,straight_focus,"(1, 28)"
251,False,False,0.08,straight_focus,"(28, 1)"
46,False,True,0.08,straight_focus,"(28, 28)"
54,False,True,0.08,straight_focus,"(1, 28)"
48,False,True,0.08,straight_focus,"(28, 1)"
15,False,True,0.08,straight_focus,"(28, 28)"
17,False,True,0.08,straight_focus,"(1, 28)"
176,False,True,0.08,straight_focus,"(28, 1)"
41,False,True,0.08,straight_focus,"(28, 28)"
107,False,True,0.08,straight_focus,"(1, 28)"
227,True,False,0.08,straight_focus,"(28, 1)"
167,False,True,0.08,straight_focus,"(28, 28)"
168,False,True,0.08,straight_focus,"(1, 28)"
219,False,True,0.08,straight_focus,"(28, 1)"
53,False,True,0.08,straight_focus,"(28, 28)"
51,False,True,0.08,straight_focus,"(1, 28)"
133,False,True,0.08,straight_focus,"(28, 1)"
52,False,True,0.08,straight_focus,"(28, 28)"
113,False,True,0.08,straight_focus,"(1, 28)"
251,False,False,0.08,straight_focus,"(28, 1)"
38,False,True,0.08,straight_focus,"(28, 28)"
46,False,True,0.08,straight_focus,"(1, 28)"
118,False,True,0.08,straight_focus,"(28, 1)"
109,True,False,0.08,straight_focus,"(28, 28)"
85,True,False,0.08,straight_focus,"(1, 28)"
106,False,True,0.08,straight_focus,"(28, 1)"
85,False,True,0.08,straight_focus,"(28, 28)"
97,False,True,0.08,straight_focus,"(1, 28)"
58,True,False,0.08,straight_focus,"(28, 1)"
251,False,False,0.08,straight_focus,"(28, 28)"
60,True,False,0.08,straight_focus,"(1, 28)"
251,False,False,0.08,straight_focus,"(28, 1)"
32,False,True,0.08,straight_focus,"(28, 28)"
88,True,False,0.08,straight_focus,"(1, 28)"
30,False,True,0.08,straight_focus,"(28, 1)"
27,False,True,0.08,straight_focus,"(28, 28)"
82,False,True,0.08,straight_focus,"(1, 28)"
242,False,True,0.08,straight_focus,"(28, 1)"
218,True,False,0.08,straight_focus,"(28, 28)"
32,False,True,0.08,straight_focus,"(1, 28)"
68,False,True,0.08,straight_focus,"(28, 1)"
90,False,True,0.08,straight_focus,"(28, 28)"
8,False,True,0.08,straight_focus,"(1, 28)"
251,False,False,0.08,straight_focus,"(28, 1)"
110,True,False,0.08,straight_focus,"(28, 28)"
87,False,True,0.08,straight_focus,"(1, 28)"
64,True,False,0.08,straight_focus,"(28, 1)"
128,False,True,0.08,straight_focus,"(28, 28)"
142,False,True,0.08,straight_focus,"(1, 28)"
98,False,True,0.08,straight_focus,"(28, 1)"
53,False,True,0.08,straight_focus,"(28, 28)"
65,False,True,0.08,straight_focus,"(1, 28)"
251,False,False,0.08,straight_focus,"(28, 1)"
251,False,False,0.08,straight_focus,"(28, 28)"
108,False,True,0.08,straight_focus,"(1, 28)"
57,True,False,0.08,straight_focus,"(28, 1)"
85,False,True,0.08,straight_focus,"(28, 28)"
126,False,True,0.08,straight_focus,"(1, 28)"
166,False,True,0.08,straight_focus,"(28, 1)"
44,False,True,0.08,straight_focus,"(28, 28)"
88,False,True,0.08,straight_focus,"(1, 28)"
44,False,True,0.08,straight_focus,"(28, 1)"
101,False,True,0.08,straight_focus,"(28, 28)"
75,False,True,0.08,straight_focus,"(1, 28)"
83,False,True,0.08,straight_focus,"(28, 1)"
216,False,True,0.08,straight_focus,"(28, 28)"
85,False,True,0.08,straight_focus,"(1, 28)"
211,False,True,0.08,straight_focus,"(28, 1)"
130,False,True,0.08,straight_focus,"(28, 28)"
8,False,True,0.08,straight_focus,"(1, 28)"
251,False,False,0.08,straight_focus,"(28, 1)"
90,False,True,0.08,straight_focus,"(28, 28)"
251,False,False,0.08,straight_focus,"(1, 28)"
126,False,True,0.08,straight_focus,"(28, 1)"
68,False,True,0.08,straight_focus,"(28, 28)"
72,False,True,0.08,straight_focus,"(1, 28)"
186,False,True,0.08,straight_focus,"(28, 1)"
99,False,True,0.08,straight_focus,"(28, 28)"
159,True,False,0.08,straight_focus,"(1, 28)"
251,False,False,0.08,straight_focus,"(28, 1)"
159,False,True,0.08,straight_focus,"(28, 28)"
8,False,True,0.08,cautious,"(1, 28)"
57,False,True,0.08,cautious,"(28, 1)"
20,False,True,0.08,cautious,"(28, 28)"
95,False,True,0.08,cautious,"(1, 28)"
187,False,True,0.08,cautious,"(28, 1)"
251,False,False,0.08,cautious,"(28, 28)"
95,False,True,0.08,cautious,"(1, 28)"
123,False,True,0.08,cautious,"(28, 1)"
181,False,True,0.08,cautious,"(28, 28)"
251,False,False,0.08,cautious,"(1, 28)"
66,False,True,0.08,cautious,"(28, 1)"
113,False,True,0.08,cautious,"(28, 28)"
70,True,False,0.08,cautious,"(1, 28)"
251,False,False,0.08,cautious,"(28, 1)"
124,False,True,0.08,cautious,"(28, 28)"
72,False,True,0.08,cautious,"(1, 28)"
209,False,True,0.08,cautious,"(28, 1)"
114,False,True,0.08,cautious,"(28, 28)"
178,False,True,0.08,cautious,"(1, 28)"
251,False,False,0.08,cautious,"(28, 1)"
251,False,False,0.08,cautious,"(28, 28)"
161,False,True,0.08,cautious,"(1, 28)"
20,False,True,0.08,cautious,"(28, 1)"
68,False,True,0.08,cautious,"(28, 28)"
26,False,True,0.08,cautious,"(1, 28)"
251,False,False,0.08,cautious,"(28, 1)"
113,False,True,0.08,cautious,"(28, 28)"
61,False,True,0.08,cautious,"(1, 28)"
251,False,False,0.08,cautious,"(28, 1)"
48,False,True,0.08,cautious,"(28, 28)"
112,False,True,0.08,cautious,"(1, 28)"
215,False,True,0.08,cautious,"(28, 1)"
251,False,False,0.08,cautious,"(28, 28)"
36,False,True,0.08,cautious,"(1, 28)"
251,False,False,0.08,cautious,"(28, 1)"
4,False,True,0.08,cautious,"(28, 28)"
183,False,True,0.08,cautious,"(1, 28)"
92,True,False,0.08,cautious,"(28, 1)"
251,False,False,0.08,cautious,"(28, 28)"
79,False,True,0.08,cautious,"(1, 28)"
77,False,True,0.08,cautious,"(28, 1)"
94,False,True,0.08,cautious,"(28, 28)"
113,False,True,0.08,cautious,"(1, 28)"
251,False,False,0.08,cautious,"(28, 1)"
43,False,True,0.08,cautious,"(28, 28)"
63,False,True,0.08,cautious,"(1, 28)"
38,False,True,0.08,cautious,"(28, 1)"
107,False,True,0.08,cautious,"(28, 28)"
103,False,True,0.08,cautious,"(1, 28)"
156,False,True,0.08,cautious,"(28, 1)"
9,False,True,0.08,cautious,"(28, 28)"
251,False,False,0.08,cautious,"(1, 28)"
251,False,False,0.08,cautious,"(28, 1)"
11,False,True,0.08,cautious,"(28, 28)"
78,False,True,0.08,cautious,"(1, 28)"
251,False,False,0.08,cautious,"(28, 1)"
140,False,True,0.08,cautious,"(28, 28)"
128,False,True,0.08,cautious,"(1, 28)"
71,True,False,0.08,cautious,"(28, 1)"
88,False,True,0.08,cautious,"(28, 28)"
89,False,True,0.08,cautious,"(1, 28)"
251,False,False,0.08,cautious,"(28, 1)"
56,False,True,0.08,cautious,"(28, 28)"
19,False,True,0.08,cautious,"(1, 28)"
156,False,True,0.08,cautious,"(28, 1)"
101,False,True,0.08,cautious,"(28, 28)"
96,False,True,0.08,cautious,"(1, 28)"
86,False,True,0.08,cautious,"(28, 1)"
73,False,True,0.08,cautious,"(28, 28)"
118,True,False,0.08,cautious,"(1, 28)"
134,False,True,0.08,cautious,"(28, 1)"
87,False,True,0.08,cautious,"(28, 28)"
163,False,True,0.08,cautious,"(1, 28)"
76,False,True,0.08,cautious,"(28, 1)"
134,False,True,0.08,cautious,"(28, 28)"
227,False,True,0.08,cautious,"(1, 28)"
139,True,False,0.08,cautious,"(28, 1)"
25,False,True,0.08,cautious,"(28, 28)"
60,False,True,0.08,cautious,"(1, 28)"
69,False,True,0.08,cautious,"(28, 1)"
84,False,True,0.08,cautious,"(28, 28)"
251,False,False,0.08,cautious,"(1, 28)"
251,False,False,0.08,cautious,"(28, 1)"
109,False,True,0.08,cautious,"(28, 28)"
139,False,True,0.08,cautious,"(1, 28)"
135,False,True,0.08,cautious,"(28, 1)"
51,False,True,0.08,cautious,"(28, 28)"
40,False,True,0.08,cautious,"(1, 28)"
145,False,True,0.08,cautious,"(28, 1)"
128,False,True,0.08,cautious,"(28, 28)"
